step_time,total_stopped,total_wait_time
5.0,0,0.0
10.0,0,0.0
15.0,0,0.0
20.0,2,8.0
25.0,6,29.0
30.0,9,69.0
35.0,12,124.0
40.0,13,187.0
45.0,16,260.0
50.0,17,344.0
55.0,18,434.0
60.0,21,532.0
65.0,25,650.0
70.0,29,787.0
75.0,29,932.0
80.0,32,1089.0
85.0,33,1250.0
90.0,37,1428.0
95.0,38,1618.0
100.0,38,1808.0
105.0,32,1814.0
110.0,23,1620.0
115.0,19,1718.0
120.0,15,1802.0
125.0,15,1873.0
130.0,22,1966.0
135.0,29,2095.0
140.0,35,2257.0
145.0,32,2215.0
150.0,24,1931.0
155.0,16,1823.0
160.0,12,1889.0
165.0,13,1948.0
170.0,19,2031.0
175.0,25,2143.0
180.0,32,2285.0
185.0,37,2462.0
190.0,38,2652.0
195.0,38,2842.0
200.0,38,3032.0
205.0,32,2926.0
210.0,24,2533.0
215.0,16,2499.0
220.0,12,2564.0
225.0,13,2622.0
230.0,20,2707.0
235.0,27,2828.0
240.0,35,2986.0
245.0,38,3167.0
250.0,38,3357.0
255.0,38,3547.0
260.0,32,3392.0
265.0,22,2878.0
270.0,14,2809.0
275.0,13,2880.0
280.0,13,2937.0
285.0,13,2675.0
290.0,11,2113.0
295.0,12,2012.0
300.0,14,2076.0
305.0,15,2144.0
310.0,21,2239.0
315.0,28,2368.0
320.0,35,2529.0
325.0,38,2711.0
330.0,38,2901.0
335.0,38,3091.0
340.0,32,2888.0
345.0,23,2234.0
350.0,16,2171.0
355.0,11,2234.0
360.0,13,2292.0
365.0,19,2379.0
370.0,20,2174.0
375.0,16,1570.0
380.0,16,1649.0
385.0,15,1721.0
390.0,15,1790.0
395.0,16,1580.0
400.0,14,1229.0
405.0,12,1170.0
410.0,12,1232.0
415.0,9,1060.0
420.0,6,734.0
425.0,4,686.0
430.0,6,712.0
435.0,12,760.0
440.0,13,672.0
445.0,13,445.0
450.0,11,496.0
455.0,12,558.0
460.0,13,619.0
465.0,22,711.0
470.0,28,838.0
475.0,35,1001.0
480.0,38,1187.0
485.0,32,1164.0
490.0,24,1048.0
495.0,15,1007.0
500.0,10,1066.0
505.0,12,1117.0
510.0,18,1194.0
515.0,25,1305.0
520.0,33,1456.0
525.0,36,1633.0
530.0,31,1628.0
535.0,25,1466.0
540.0,18,1560.0
545.0,15,1632.0
550.0,9,1524.0
555.0,4,1263.0
560.0,3,1145.0
565.0,8,1170.0
570.0,12,1220.0
575.0,15,1135.0
580.0,11,892.0
585.0,9,864.0
590.0,11,916.0
595.0,14,973.0
600.0,13,878.0
605.0,12,562.0
610.0,10,615.0
615.0,12,674.0
620.0,9,566.0
625.0,7,399.0
630.0,8,424.0
635.0,14,480.0
640.0,16,547.0
645.0,23,644.0
650.0,29,776.0
655.0,30,784.0
660.0,22,657.0
665.0,15,744.0
670.0,12,809.0
675.0,14,869.0
680.0,21,961.0
685.0,28,1088.0
690.0,34,1244.0
695.0,38,1424.0
700.0,32,1458.0
705.0,23,1318.0
710.0,16,1406.0
715.0,14,1481.0
720.0,10,1390.0
725.0,8,1164.0
730.0,10,1207.0
735.0,12,1263.0
740.0,10,1171.0
745.0,6,943.0
750.0,8,907.0
755.0,8,950.0
760.0,15,1011.0
765.0,15,939.0
770.0,14,724.0
775.0,13,710.0
780.0,10,768.0
785.0,15,828.0
790.0,21,919.0
795.0,22,865.0
800.0,18,679.0
805.0,17,696.0
810.0,11,764.0
815.0,9,683.0
820.0,8,505.0
825.0,4,491.0
830.0,8,529.0
835.0,8,492.0
840.0,4,380.0
845.0,7,404.0
850.0,10,449.0
855.0,18,523.0
860.0,23,625.0
865.0,23,644.0
870.0,19,561.0
875.0,17,652.0
880.0,15,726.0
885.0,16,799.0
890.0,17,767.0
895.0,15,640.0
900.0,17,712.0
905.0,15,793.0
910.0,10,749.0
915.0,7,565.0
920.0,5,593.0
925.0,9,627.0
930.0,7,574.0
935.0,4,440.0
940.0,5,423.0
945.0,8,454.0
950.0,8,414.0
955.0,5,293.0
960.0,5,277.0
965.0,7,307.0
970.0,7,265.0
975.0,6,147.0
980.0,3,135.0
985.0,9,166.0
990.0,13,219.0
995.0,14,230.0
1000.0,10,195.0
1005.0,11,217.0
1010.0,12,277.0
1015.0,8,278.0
1020.0,4,218.0
1025.0,4,218.0
1030.0,9,249.0
1035.0,9,248.0
1040.0,7,185.0
1045.0,5,186.0
1050.0,6,212.0
1055.0,12,264.0
1060.0,15,283.0
1065.0,11,246.0
1070.0,11,278.0
1075.0,12,334.0
1080.0,7,327.0
1085.0,5,252.0
1090.0,3,242.0
1095.0,8,278.0
1100.0,12,333.0
1105.0,21,421.0
1110.0,26,541.0
1115.0,27,598.0
1120.0,22,564.0
1125.0,15,614.0
1130.0,14,685.0
1135.0,13,749.0
1140.0,22,843.0
1145.0,27,966.0
1150.0,34,1123.0
1155.0,33,1173.0
1160.0,24,1084.0
1165.0,16,1115.0
1170.0,12,1178.0
1175.0,7,1105.0
1180.0,6,911.0
1185.0,6,877.0
1190.0,10,913.0
1195.0,14,971.0
1200.0,20,1060.0
1205.0,28,1181.0
1210.0,34,1340.0
1215.0,38,1526.0
1220.0,32,1540.0
1225.0,24,1359.0
1230.0,16,1017.0
1235.0,8,1051.0
1240.0,8,1080.0
1245.0,14,1140.0
1250.0,22,1236.0
1255.0,28,1363.0
1260.0,34,1521.0
1265.0,38,1705.0
1270.0,32,1680.0
1275.0,25,1432.0
1280.0,17,1525.0
1285.0,15,1597.0
1290.0,9,1471.0
1295.0,7,1187.0
1300.0,9,1160.0
1305.0,12,1215.0
1310.0,15,1287.0
1315.0,16,1196.0
1320.0,15,970.0
1325.0,13,962.0
1330.0,12,1030.0
1335.0,8,915.0
1340.0,5,582.0
1345.0,2,545.0
1350.0,6,568.0
1355.0,6,500.0
1360.0,2,325.0
1365.0,5,300.0
1370.0,8,329.0
1375.0,8,290.0
1380.0,5,170.0
1385.0,7,174.0
1390.0,9,207.0
1395.0,13,259.0
1400.0,15,274.0
1405.0,12,234.0
1410.0,11,264.0
1415.0,12,324.0
1420.0,8,316.0
1425.0,6,257.0
1430.0,5,258.0
1435.0,8,292.0
1440.0,9,287.0
1445.0,6,230.0
1450.0,5,234.0
1455.0,10,273.0
1460.0,14,332.0
1465.0,14,341.0
1470.0,13,298.0
1475.0,14,350.0
1480.0,16,425.0
1485.0,16,500.0
1490.0,17,513.0
1495.0,14,445.0
1500.0,16,514.0
1505.0,15,597.0
1510.0,15,667.0
1515.0,22,761.0
1520.0,29,890.0
1525.0,28,920.0
1530.0,23,801.0
1535.0,18,692.0
1540.0,7,729.0
1545.0,8,750.0
1550.0,13,806.0
1555.0,14,774.0
1560.0,13,644.0
1565.0,11,694.0
1570.0,11,749.0
1575.0,15,815.0
1580.0,16,778.0
1585.0,14,569.0
1590.0,13,579.0
1595.0,12,639.0
1600.0,12,693.0
1605.0,14,651.0
1610.0,11,416.0
1615.0,10,463.0
1620.0,10,512.0
1625.0,8,458.0
1630.0,4,313.0
1635.0,3,212.0
1640.0,2,200.0
1645.0,7,224.0
1650.0,12,274.0
1655.0,13,274.0
1660.0,10,213.0
1665.0,10,132.0
1670.0,6,164.0
1675.0,8,190.0
1680.0,13,248.0
1685.0,16,271.0
1690.0,13,254.0
1695.0,11,207.0
1700.0,7,240.0
1705.0,8,263.0
1710.0,13,320.0
1715.0,20,406.0
1720.0,27,529.0
1725.0,32,680.0
1730.0,31,758.0
1735.0,24,738.0
1740.0,17,612.0
1745.0,6,648.0
1750.0,8,669.0
1755.0,8,629.0
1760.0,2,508.0
1765.0,3,488.0
1770.0,9,520.0
1775.0,14,577.0
1780.0,20,665.0
1785.0,27,786.0
1790.0,34,940.0
1795.0,35,1113.0
1800.0,38,1299.0
1805.0,32,1331.0
1810.0,25,1194.0
1815.0,16,928.0
1820.0,8,966.0
1825.0,8,991.0
1830.0,8,908.0
1835.0,3,688.0
1840.0,3,662.0
1845.0,7,688.0
1850.0,15,748.0
1855.0,14,711.0
1860.0,13,581.0
1865.0,11,630.0
1870.0,12,689.0
1875.0,17,758.0
1880.0,17,724.0
1885.0,14,566.0
1890.0,13,513.0
1895.0,12,580.0
1900.0,12,637.0
1905.0,14,575.0
1910.0,9,420.0
1915.0,11,442.0
1920.0,13,504.0
1925.0,15,570.0
1930.0,17,570.0
1935.0,13,456.0
1940.0,11,509.0
1945.0,11,560.0
1950.0,9,524.0
1955.0,7,415.0
1960.0,8,404.0
1965.0,12,448.0
1970.0,10,421.0
1975.0,8,317.0
1980.0,6,273.0
1985.0,7,301.0
1990.0,13,351.0
1995.0,14,343.0
2000.0,10,271.0
2005.0,9,174.0
2010.0,5,188.0
2015.0,7,210.0
2020.0,14,267.0
2025.0,15,286.0
2030.0,14,256.0
2035.0,11,191.0
2040.0,4,206.0
2045.0,7,226.0
2050.0,13,278.0
2055.0,14,296.0
2060.0,11,266.0
2065.0,9,196.0
2070.0,6,223.0
2075.0,7,255.0
2080.0,8,254.0
2085.0,4,181.0
2090.0,4,174.0
2095.0,7,200.0
2100.0,9,199.0
2105.0,6,158.0
2110.0,5,175.0
2115.0,9,208.0
2120.0,10,205.0
2125.0,6,163.0
2130.0,5,168.0
2135.0,7,191.0
2140.0,13,247.0
2145.0,19,331.0
2150.0,26,446.0
2155.0,33,598.0
2160.0,32,680.0
2165.0,24,658.0
2170.0,16,557.0
2175.0,10,462.0
2180.0,1,448.0
2185.0,7,450.0
2190.0,13,501.0
2195.0,19,584.0
2200.0,26,700.0
2205.0,31,845.0
2210.0,35,1012.0
2215.0,37,1189.0
2220.0,32,1243.0
2225.0,23,1088.0
2230.0,13,1105.0
2235.0,11,1166.0
2240.0,15,1229.0
2245.0,20,1315.0
2250.0,27,1437.0
2255.0,26,1417.0
2260.0,24,1160.0
2265.0,16,1176.0
2270.0,13,1236.0
2275.0,13,1293.0
2280.0,19,1374.0
2285.0,26,1490.0
2290.0,33,1641.0
2295.0,31,1606.0
2300.0,24,1311.0
2305.0,16,1397.0
2310.0,14,1470.0
2315.0,14,1532.0
2320.0,20,1619.0
2325.0,27,1740.0
2330.0,34,1894.0
2335.0,32,1861.0
2340.0,23,1600.0
2345.0,15,1133.0
2350.0,4,1164.0
2355.0,7,1193.0
2360.0,8,1056.0
2365.0,3,797.0
2370.0,3,755.0
2375.0,8,787.0
2380.0,8,688.0
2385.0,7,479.0
2390.0,6,444.0
2395.0,11,486.0
2400.0,9,416.0
2405.0,6,261.0
2410.0,6,255.0
2415.0,10,290.0
2420.0,7,250.0
2425.0,7,153.0
2430.0,5,162.0
2435.0,8,193.0
2440.0,7,187.0
2445.0,4,140.0
2450.0,2,137.0
2455.0,8,165.0
2460.0,6,164.0
2465.0,4,113.0
2470.0,4,109.0
2475.0,8,138.0
2480.0,8,142.0
2485.0,5,110.0
2490.0,3,96.0
2495.0,7,121.0
2500.0,8,129.0
2505.0,3,93.0
2510.0,3,54.0
2515.0,2,49.0
2520.0,8,76.0
2525.0,8,93.0
2530.0,5,76.0
2535.0,1,66.0
2540.0,7,92.0
2545.0,8,104.0
2550.0,3,80.0
2555.0,2,87.0
2560.0,7,113.0
2565.0,14,168.0
2570.0,20,256.0
2575.0,27,378.0
2580.0,28,514.0
2585.0,33,672.0
2590.0,34,842.0
2595.0,38,1024.0
2600.0,38,1214.0
2605.0,32,1274.0
2610.0,23,1191.0
2615.0,16,989.0
2620.0,9,781.0
2625.0,1,777.0
2630.0,6,774.0
2635.0,6,712.0
2640.0,4,540.0
2645.0,4,509.0
2650.0,8,537.0
2655.0,8,470.0
2660.0,6,310.0
2665.0,5,276.0
2670.0,8,307.0
2675.0,7,246.0
2680.0,5,94.0
2685.0,4,113.0
2690.0,7,143.0
2695.0,14,201.0
2700.0,15,231.0
2705.0,13,218.0
2710.0,10,182.0
2715.0,8,171.0
2720.0,0,138.0
2725.0,5,141.0
2730.0,10,183.0
2735.0,18,257.0
2740.0,22,358.0
2745.0,27,483.0
2750.0,31,633.0
2755.0,29,704.0
2760.0,23,640.0
2765.0,17,603.0
2770.0,8,636.0
2775.0,8,660.0
2780.0,7,619.0
2785.0,6,463.0
2790.0,6,477.0
2795.0,9,511.0
2800.0,10,478.0
2805.0,7,374.0
2810.0,4,384.0
2815.0,9,420.0
2820.0,16,485.0
2825.0,22,579.0
2830.0,29,708.0
2835.0,35,870.0
2840.0,38,1058.0
2845.0,32,1103.0
2850.0,22,978.0
2855.0,14,741.0
2860.0,8,792.0
2865.0,8,825.0
2870.0,10,762.0
2875.0,6,605.0
2880.0,1,569.0
2885.0,7,591.0
2890.0,8,546.0
2895.0,7,424.0
2900.0,6,396.0
2905.0,8,427.0
2910.0,9,381.0
2915.0,6,249.0
2920.0,7,265.0
2925.0,9,305.0
2930.0,9,261.0
2935.0,9,157.0
2940.0,4,153.0
2945.0,7,179.0
2950.0,8,178.0
2955.0,5,136.0
2960.0,3,111.0
2965.0,7,140.0
2970.0,7,142.0
2975.0,2,89.0
2980.0,2,100.0
2985.0,9,128.0
2990.0,8,128.0
2995.0,8,100.0
3000.0,7,124.0
3005.0,9,167.0
3010.0,9,179.0
3015.0,8,152.0
3020.0,6,169.0
3025.0,12,217.0
3030.0,16,286.0
3035.0,16,318.0
3040.0,14,294.0
3045.0,11,325.0
3050.0,9,376.0
3055.0,8,362.0
3060.0,5,274.0
3065.0,5,278.0
3070.0,8,304.0
3075.0,8,288.0
3080.0,5,226.0
3085.0,5,230.0
3090.0,9,267.0
3095.0,10,259.0
3100.0,7,175.0
3105.0,4,117.0
3110.0,3,104.0
3115.0,9,132.0
3120.0,8,142.0
3125.0,6,109.0
3130.0,3,128.0
3135.0,8,158.0
3140.0,15,219.0
3145.0,22,314.0
3150.0,21,360.0
3155.0,19,351.0
3160.0,17,410.0
3165.0,12,475.0
3170.0,7,458.0
3175.0,4,381.0
3180.0,3,365.0
3185.0,7,392.0
3190.0,8,379.0
3195.0,5,279.0
3200.0,6,303.0
3205.0,9,340.0
3210.0,8,322.0
3215.0,9,254.0
3220.0,7,281.0
3225.0,9,314.0
3230.0,15,375.0
3235.0,14,376.0
3240.0,14,307.0
3245.0,12,214.0
3250.0,9,192.0
3255.0,2,186.0
3260.0,6,197.0
3265.0,13,247.0
3270.0,18,326.0
3275.0,26,442.0
3280.0,31,587.0
3285.0,35,752.0
3290.0,31,830.0
3295.0,23,798.0
3300.0,17,887.0
3305.0,16,969.0
3310.0,17,1047.0
3315.0,18,1033.0
3320.0,16,918.0
3325.0,12,935.0
3330.0,12,993.0
3335.0,9,931.0
3340.0,6,756.0
3345.0,4,513.0
3350.0,3,514.0
3355.0,8,542.0
3360.0,9,484.0
3365.0,5,334.0
3370.0,4,161.0
3375.0,2,125.0
3380.0,7,145.0
3385.0,6,117.0
3390.0,4,49.0
3395.0,3,52.0
3400.0,7,75.0
3405.0,14,128.0
3410.0,13,163.0
3415.0,12,148.0
3420.0,11,145.0
3425.0,6,131.0
3430.0,1,118.0
3435.0,7,136.0
3440.0,13,186.0
3445.0,20,270.0
3450.0,23,377.0
3455.0,28,509.0
3460.0,32,663.0
3465.0,36,836.0
3470.0,32,921.0
3475.0,23,880.0
3480.0,16,728.0
3485.0,9,597.0
3490.0,0,553.0
3495.0,7,562.0
3500.0,6,519.0
3505.0,6,403.0
3510.0,5,236.0
3515.0,1,231.0
3520.0,7,240.0
3525.0,13,291.0
3530.0,20,377.0
3535.0,23,487.0
3540.0,21,497.0
3545.0,14,386.0
3550.0,9,389.0
3555.0,9,431.0
3560.0,11,402.0
3565.0,9,338.0
3570.0,6,308.0
3575.0,9,338.0
3580.0,6,313.0
3585.0,4,221.0
3590.0,1,104.0
3595.0,2,107.0
3600.0,8,137.0
3605.0,10,134.0
3610.0,6,101.0
3615.0,4,65.0
3620.0,2,49.0
3625.0,8,62.0
3630.0,14,120.0
3635.0,21,208.0
3640.0,26,325.0
3645.0,29,462.0
3650.0,30,611.0
3655.0,31,765.0
3660.0,34,927.0
3665.0,37,1108.0
3670.0,32,1177.0
3675.0,22,1107.0
3680.0,17,1147.0
3685.0,13,1222.0
3690.0,9,1157.0
3695.0,7,980.0
3700.0,3,886.0
3705.0,7,913.0
3710.0,7,844.0
3715.0,5,610.0
3720.0,2,428.0
3725.0,4,383.0
3730.0,7,411.0
3735.0,9,353.0
3740.0,8,217.0
3745.0,5,77.0
3750.0,3,79.0
3755.0,8,105.0
3760.0,8,120.0
3765.0,6,107.0
3770.0,4,122.0
3775.0,8,154.0
3780.0,10,164.0
3785.0,7,138.0
3790.0,7,171.0
3795.0,12,220.0
3800.0,10,230.0
3805.0,9,200.0
3810.0,8,230.0
3815.0,10,270.0
3820.0,10,265.0
3825.0,5,207.0
3830.0,6,235.0
3835.0,9,273.0
3840.0,10,276.0
3845.0,6,223.0
3850.0,6,144.0
3855.0,4,150.0
3860.0,7,178.0
3865.0,7,179.0
3870.0,4,132.0
3875.0,4,138.0
3880.0,8,170.0
3885.0,8,168.0
3890.0,3,129.0
3895.0,3,73.0
3900.0,3,79.0
3905.0,9,107.0
3910.0,15,169.0
3915.0,22,263.0
3920.0,23,326.0
3925.0,19,333.0
3930.0,14,302.0
3935.0,7,333.0
3940.0,7,361.0
3945.0,13,417.0
3950.0,14,432.0
3955.0,11,390.0
3960.0,8,431.0
3965.0,9,469.0
3970.0,10,454.0
3975.0,9,351.0
3980.0,5,349.0
3985.0,6,373.0
3990.0,8,345.0
3995.0,5,241.0
4000.0,4,123.0
4005.0,2,94.0
4010.0,8,120.0
4015.0,9,123.0
4020.0,7,102.0
4025.0,5,114.0
4030.0,9,152.0
4035.0,9,163.0
4040.0,6,134.0
4045.0,8,171.0
4050.0,12,224.0
4055.0,10,234.0
4060.0,8,197.0
4065.0,6,214.0
4070.0,10,256.0
4075.0,16,322.0
4080.0,15,341.0
4085.0,12,304.0
4090.0,15,372.0
4095.0,16,450.0
4100.0,11,446.0
4105.0,8,366.0
4110.0,6,257.0
4115.0,3,270.0
4120.0,8,296.0
4125.0,7,285.0
4130.0,6,224.0
4135.0,4,148.0
4140.0,1,129.0
4145.0,8,153.0
4150.0,7,149.0
4155.0,5,93.0
4160.0,4,47.0
4165.0,1,44.0
4170.0,7,68.0
4175.0,7,81.0
4180.0,4,73.0
4185.0,5,57.0
4190.0,4,70.0
4195.0,8,101.0
4200.0,10,126.0
4205.0,5,113.0
4210.0,6,93.0
4215.0,2,76.0
4220.0,2,57.0
4225.0,0,25.0
4230.0,6,43.0
4235.0,12,92.0
4240.0,12,127.0
4245.0,11,132.0
4250.0,8,169.0
4255.0,8,210.0
4260.0,9,219.0
4265.0,9,195.0
4270.0,9,156.0
4275.0,3,159.0
4280.0,7,176.0
4285.0,7,179.0
4290.0,7,145.0
4295.0,4,146.0
4300.0,7,172.0
4305.0,14,228.0
4310.0,15,249.0
4315.0,11,218.0
4320.0,12,273.0
4325.0,10,325.0
4330.0,15,385.0
4335.0,16,403.0
4340.0,12,357.0
4345.0,14,418.0
4350.0,13,486.0
4355.0,14,553.0
4360.0,16,552.0
4365.0,11,468.0
4370.0,12,492.0
4375.0,11,550.0
4380.0,8,516.0
4385.0,3,378.0
4390.0,3,385.0
4395.0,9,417.0
4400.0,9,393.0
4405.0,5,262.0
4410.0,7,290.0
4415.0,9,327.0
4420.0,9,301.0
4425.0,6,223.0
4430.0,6,128.0
4435.0,4,133.0
4440.0,8,159.0
4445.0,8,157.0
4450.0,6,107.0
4455.0,1,106.0
4460.0,7,124.0
4465.0,6,125.0
4470.0,3,84.0
4475.0,4,87.0
4480.0,8,116.0
4485.0,8,119.0
4490.0,5,89.0
4495.0,6,116.0
4500.0,9,156.0
4505.0,9,160.0
4510.0,6,127.0
4515.0,7,158.0
4520.0,10,202.0
4525.0,16,266.0
4530.0,18,299.0
4535.0,14,279.0
4540.0,14,326.0
4545.0,12,395.0
4550.0,8,384.0
4555.0,8,326.0
4560.0,5,305.0
4565.0,6,319.0
4570.0,7,310.0
4575.0,5,248.0
4580.0,2,165.0
4585.0,1,147.0
4590.0,8,173.0
4595.0,14,228.0
4600.0,15,247.0
4605.0,12,169.0
4610.0,6,203.0
4615.0,6,227.0
4620.0,13,279.0
4625.0,13,283.0
4630.0,12,258.0
4635.0,12,207.0
4640.0,5,227.0
4645.0,6,252.0
4650.0,14,308.0
4655.0,14,328.0
4660.0,12,290.0
4665.0,10,338.0
4670.0,10,391.0
4675.0,10,383.0
4680.0,6,304.0
4685.0,8,210.0
4690.0,6,231.0
4695.0,7,262.0
4700.0,9,255.0
4705.0,7,174.0
4710.0,5,193.0
4715.0,8,221.0
4720.0,8,213.0
4725.0,7,165.0
4730.0,5,160.0
4735.0,6,183.0
4740.0,13,237.0
4745.0,21,321.0
4750.0,19,354.0
4755.0,16,326.0
4760.0,15,406.0
4765.0,15,482.0
4770.0,15,552.0
4775.0,24,651.0
4780.0,29,783.0
4785.0,31,842.0
4790.0,24,791.0
4795.0,14,801.0
4800.0,11,855.0
4805.0,7,806.0
4810.0,5,665.0
4815.0,2,470.0
4820.0,2,467.0
4825.0,9,496.0
4830.0,15,559.0
4835.0,23,657.0
4840.0,22,674.0
4845.0,14,568.0
4850.0,10,578.0
4855.0,9,624.0
4860.0,8,559.0
4865.0,5,354.0
4870.0,3,204.0
4875.0,3,209.0
4880.0,7,234.0
4885.0,7,225.0
4890.0,5,157.0
4895.0,5,68.0
4900.0,3,73.0
4905.0,8,99.0
4910.0,9,111.0
4915.0,5,97.0
4920.0,4,107.0
4925.0,8,138.0
4930.0,9,151.0
4935.0,5,121.0
4940.0,5,126.0
4945.0,9,162.0
4950.0,7,163.0
4955.0,7,126.0
4960.0,6,84.0
4965.0,4,93.0
4970.0,9,112.0
4975.0,9,126.0
4980.0,6,109.0
4985.0,6,81.0
4990.0,3,73.0
4995.0,9,91.0
5000.0,11,115.0
5005.0,7,94.0
5010.0,4,93.0
5015.0,7,115.0
5020.0,13,168.0
5025.0,13,195.0
5030.0,12,179.0
5035.0,8,149.0
5040.0,5,170.0
5045.0,7,196.0
5050.0,7,198.0
5055.0,5,144.0
5060.0,2,156.0
5065.0,7,181.0
5070.0,8,181.0
5075.0,4,140.0
5080.0,5,129.0
5085.0,7,156.0
5090.0,8,156.0
5095.0,6,112.0
5100.0,3,64.0
5105.0,4,56.0
5110.0,8,87.0
5115.0,9,104.0
5120.0,8,90.0
5125.0,8,119.0
5130.0,10,164.0
5135.0,9,172.0
5140.0,9,152.0
5145.0,8,116.0
5150.0,4,108.0
5155.0,1,80.0
5160.0,6,93.0
5165.0,7,101.0
5170.0,2,71.0
5175.0,2,71.0
5180.0,7,97.0
5185.0,8,109.0
5190.0,5,69.0
5195.0,5,87.0
5200.0,10,121.0
5205.0,13,177.0
5210.0,16,211.0
5215.0,14,211.0
5220.0,11,247.0
5225.0,10,296.0
5230.0,8,293.0
5235.0,5,246.0
5240.0,3,171.0
5245.0,2,163.0
5250.0,7,183.0
5255.0,7,179.0
5260.0,5,121.0
5265.0,5,77.0
5270.0,1,72.0
5275.0,7,95.0
5280.0,8,99.0
5285.0,6,86.0
5290.0,5,85.0
5295.0,8,113.0
5300.0,13,169.0
5305.0,20,256.0
5310.0,22,310.0
5315.0,21,321.0
5320.0,15,402.0
5325.0,15,479.0
5330.0,10,479.0
5335.0,7,413.0
5340.0,9,453.0
5345.0,12,503.0
5350.0,8,489.0
5355.0,7,408.0
5360.0,5,286.0
5365.0,4,296.0
5370.0,8,325.0
5375.0,7,307.0
5380.0,5,229.0
5385.0,2,99.0
5390.0,1,101.0
5395.0,7,124.0
5400.0,9,119.0
5405.0,6,91.0
5410.0,5,66.0
5415.0,3,61.0
5420.0,8,81.0
5425.0,9,98.0
5430.0,4,86.0
5435.0,1,57.0
5440.0,2,58.0
5445.0,6,80.0
5450.0,9,99.0
5455.0,5,79.0
5460.0,2,51.0
5465.0,4,47.0
5470.0,7,73.0
5475.0,7,87.0
5480.0,6,77.0
5485.0,4,65.0
5490.0,2,58.0
5495.0,6,80.0
5500.0,14,133.0
5505.0,14,169.0
5510.0,11,152.0
5515.0,7,176.0
5520.0,8,214.0
5525.0,7,214.0
5530.0,4,145.0
5535.0,2,155.0
5540.0,7,178.0
5545.0,8,180.0
5550.0,6,142.0
5555.0,6,88.0
5560.0,1,81.0
5565.0,8,88.0
5570.0,8,98.0
5575.0,5,69.0
5580.0,2,66.0
5585.0,6,92.0
5590.0,8,104.0
5595.0,4,84.0
5600.0,4,98.0
5605.0,8,129.0
5610.0,9,139.0
5615.0,8,121.0
5620.0,8,141.0
5625.0,8,180.0
5630.0,15,240.0
5635.0,21,331.0
5640.0,28,458.0
5645.0,33,617.0
5650.0,36,791.0
5655.0,32,878.0
5660.0,25,847.0
5665.0,16,937.0
5670.0,14,1013.0
5675.0,9,971.0
5680.0,7,832.0
5685.0,4,617.0
5690.0,4,622.0
5695.0,7,646.0
5700.0,7,594.0
5705.0,4,383.0
5710.0,0,385.0
5715.0,6,404.0
5720.0,7,359.0
5725.0,6,234.0
5730.0,4,92.0
5735.0,1,52.0
5740.0,6,70.0
5745.0,12,122.0
5750.0,13,155.0
5755.0,10,140.0
5760.0,4,170.0
5765.0,8,200.0
5770.0,9,203.0
5775.0,5,144.0
5780.0,4,108.0
5785.0,2,117.0
5790.0,6,142.0
5795.0,7,141.0
5800.0,4,98.0
5805.0,4,60.0
5810.0,3,55.0
5815.0,7,78.0
5820.0,6,85.0
5825.0,3,62.0
5830.0,6,82.0
5835.0,8,117.0
5840.0,10,134.0
5845.0,8,119.0
5850.0,8,101.0
5855.0,4,110.0
5860.0,6,124.0
5865.0,8,131.0
5870.0,4,109.0
5875.0,5,121.0
5880.0,9,156.0
5885.0,15,221.0
5890.0,18,264.0
5895.0,18,268.0
5900.0,11,300.0
5905.0,11,349.0
5910.0,10,345.0
5915.0,5,285.0
5920.0,6,290.0
5925.0,9,330.0
5930.0,7,313.0
5935.0,5,252.0
5940.0,1,154.0
5945.0,1,158.0
5950.0,6,177.0
5955.0,14,229.0
5960.0,20,312.0
5965.0,27,431.0
5970.0,32,580.0
5975.0,31,658.0
5980.0,23,627.0
5985.0,16,528.0
5990.0,7,561.0
5995.0,7,590.0
6000.0,8,561.0
6005.0,5,465.0
6010.0,2,455.0
6015.0,7,484.0
6020.0,8,460.0
6025.0,6,324.0
6030.0,4,197.0
6035.0,3,211.0
6040.0,8,239.0
6045.0,8,212.0
6050.0,7,121.0
6055.0,5,80.0
6060.0,2,75.0
6065.0,6,94.0
6070.0,7,106.0
6075.0,5,72.0
6080.0,5,94.0
6085.0,8,121.0
6090.0,9,129.0
6095.0,10,115.0
6100.0,5,118.0
6105.0,6,137.0
6110.0,15,195.0
6115.0,14,224.0
6120.0,13,198.0
6125.0,11,226.0
6130.0,12,278.0
6135.0,8,273.0
6140.0,4,222.0
6145.0,3,145.0
6150.0,2,91.0
6155.0,4,65.0
6160.0,1,50.0
6165.0,6,57.0
6170.0,13,108.0
6175.0,16,181.0
6180.0,18,264.0
6185.0,20,360.0
6190.0,22,464.0
6195.0,25,585.0
6200.0,28,716.0
6205.0,30,862.0
6210.0,32,1017.0
6215.0,35,1188.0
6220.0,38,1373.0
6225.0,32,1412.0
6230.0,24,1282.0
6235.0,16,1019.0
6240.0,8,1053.0
6245.0,8,1085.0
6250.0,10,1000.0
6255.0,9,795.0
6260.0,6,818.0
6265.0,9,856.0
6270.0,9,772.0
6275.0,5,581.0
6280.0,5,318.0
6285.0,5,127.0
6290.0,1,122.0
6295.0,6,136.0
6300.0,13,187.0
6305.0,18,266.0
6310.0,20,273.0
6315.0,16,277.0
6320.0,15,249.0
6325.0,5,277.0
6330.0,7,295.0
6335.0,10,298.0
6340.0,8,257.0
6345.0,7,279.0
6350.0,10,311.0
6355.0,10,311.0
6360.0,8,259.0
6365.0,6,167.0
6370.0,7,185.0
6375.0,8,215.0
6380.0,8,205.0
6385.0,8,133.0
6390.0,5,152.0
6395.0,9,177.0
6400.0,9,179.0
6405.0,6,121.0
6410.0,6,146.0
6415.0,9,190.0
6420.0,10,196.0
6425.0,9,164.0
6430.0,5,173.0
6435.0,6,205.0
6440.0,8,198.0
6445.0,5,143.0
6450.0,3,156.0
6455.0,7,183.0
6460.0,9,184.0
6465.0,4,132.0
6470.0,4,87.0
6475.0,2,91.0
6480.0,9,116.0
6485.0,8,125.0
6490.0,7,85.0
6495.0,5,105.0
6500.0,8,140.0
6505.0,10,149.0
6510.0,7,93.0
6515.0,4,107.0
6520.0,6,129.0
6525.0,7,136.0
6530.0,5,98.0
6535.0,3,69.0
6540.0,2,70.0
6545.0,8,95.0
6550.0,7,105.0
6555.0,3,79.0
6560.0,2,69.0
6565.0,7,89.0
6570.0,9,100.0
6575.0,5,81.0
6580.0,4,88.0
6585.0,8,111.0
6590.0,7,118.0
6595.0,2,88.0
6600.0,3,93.0
6605.0,9,130.0
6610.0,13,186.0
6615.0,20,272.0
6620.0,19,319.0
6625.0,19,313.0
6630.0,15,370.0
6635.0,12,429.0
6640.0,10,426.0
6645.0,9,369.0
6650.0,5,357.0
6655.0,9,395.0
6660.0,8,381.0
6665.0,7,307.0
6670.0,3,304.0
6675.0,8,335.0
6680.0,8,316.0
6685.0,6,209.0
6690.0,4,118.0
6695.0,4,133.0
6700.0,7,162.0
6705.0,7,151.0
6710.0,4,87.0
6715.0,2,69.0
6720.0,2,76.0
6725.0,8,108.0
6730.0,8,123.0
6735.0,5,92.0
6740.0,4,94.0
6745.0,7,115.0
6750.0,7,123.0
6755.0,6,93.0
6760.0,3,104.0
6765.0,8,127.0
6770.0,10,143.0
6775.0,7,121.0
6780.0,7,131.0
6785.0,10,171.0
6790.0,15,235.0
6795.0,15,265.0
6800.0,14,244.0
6805.0,10,190.0
6810.0,5,219.0
6815.0,8,248.0
6820.0,8,250.0
6825.0,5,206.0
6830.0,4,137.0
6835.0,2,78.0
6840.0,2,53.0
6845.0,1,13.0
6850.0,6,29.0
6855.0,12,73.0
6860.0,12,109.0
6865.0,7,97.0
6870.0,1,104.0
6875.0,6,124.0
6880.0,7,136.0
6885.0,6,115.0
6890.0,4,75.0
6895.0,2,71.0
6900.0,7,77.0
6905.0,10,92.0
6910.0,6,83.0
6915.0,3,77.0
6920.0,8,96.0
6925.0,8,110.0
6930.0,4,73.0
6935.0,3,49.0
6940.0,2,53.0
6945.0,7,76.0
6950.0,8,94.0
6955.0,4,76.0
6960.0,3,49.0
6965.0,1,45.0
6970.0,6,66.0
6975.0,11,115.0
6980.0,19,196.0
6985.0,26,310.0
6990.0,25,385.0
6995.0,20,392.0
7000.0,15,428.0
7005.0,11,491.0
7010.0,13,548.0
7015.0,13,552.0
7020.0,13,467.0
7025.0,9,384.0
7030.0,4,272.0
7035.0,1,263.0
7040.0,7,282.0
7045.0,12,332.0
7050.0,12,334.0
7055.0,11,265.0
7060.0,8,304.0
7065.0,10,347.0
7070.0,10,323.0
7075.0,6,221.0
7080.0,7,143.0
7085.0,2,147.0
7090.0,7,162.0
7095.0,8,160.0
7100.0,7,122.0
7105.0,6,70.0
7110.0,1,64.0
7115.0,6,71.0
7120.0,13,120.0
7125.0,12,149.0
7130.0,10,146.0
7135.0,9,164.0
7140.0,12,213.0
7145.0,13,268.0
7150.0,13,294.0
7155.0,12,250.0
7160.0,9,219.0
7165.0,8,189.0
7170.0,1,157.0
7175.0,7,175.0
7180.0,6,173.0
7185.0,4,128.0
7190.0,3,118.0
7195.0,8,146.0
7200.0,8,145.0
7205.0,7,113.0
7210.0,7,142.0
7215.0,12,188.0
7220.0,9,198.0
7225.0,4,141.0
7230.0,5,106.0
7235.0,2,111.0
7240.0,8,138.0
7245.0,8,143.0
7250.0,5,107.0
7255.0,6,92.0
7260.0,3,74.0
7265.0,0,50.0
7270.0,7,59.0
7275.0,14,114.0
7280.0,14,149.0
7285.0,12,156.0
7290.0,8,191.0
7295.0,10,233.0
7300.0,9,236.0
7305.0,6,202.0
7310.0,4,209.0
7315.0,9,237.0
7320.0,10,240.0
7325.0,8,199.0
7330.0,6,215.0
7335.0,10,253.0
7340.0,14,314.0
7345.0,21,406.0
7350.0,22,449.0
7355.0,23,425.0
7360.0,18,477.0
7365.0,13,544.0
7370.0,15,613.0
7375.0,16,607.0
7380.0,15,490.0
7385.0,12,412.0
7390.0,7,449.0
7395.0,8,484.0
7400.0,9,462.0
7405.0,5,333.0
7410.0,3,219.0
7415.0,3,99.0
7420.0,2,72.0
7425.0,8,95.0
7430.0,14,148.0
7435.0,15,170.0
7440.0,12,162.0
7445.0,5,159.0
7450.0,8,196.0
7455.0,6,201.0
7460.0,5,160.0
7465.0,5,185.0
7470.0,10,219.0
7475.0,9,225.0
7480.0,6,143.0
7485.0,6,109.0
7490.0,3,71.0
7495.0,1,60.0
7500.0,8,79.0
7505.0,7,89.0
7510.0,7,73.0
7515.0,3,81.0
7520.0,8,106.0
7525.0,9,118.0
7530.0,5,101.0
7535.0,5,73.0
7540.0,2,77.0
7545.0,7,104.0
7550.0,7,114.0
7555.0,4,90.0
7560.0,3,93.0
7565.0,7,118.0
7570.0,8,129.0
7575.0,4,103.0
7580.0,4,105.0
7585.0,7,138.0
7590.0,7,141.0
7595.0,4,90.0
7600.0,2,56.0
7605.0,2,66.0
7610.0,9,98.0
7615.0,7,114.0
7620.0,5,91.0
7625.0,5,59.0
7630.0,1,58.0
7635.0,8,81.0
7640.0,10,103.0
7645.0,7,102.0
7650.0,4,81.0
7655.0,2,68.0
7660.0,7,86.0
7665.0,7,98.0
7670.0,3,71.0
7675.0,2,35.0
7680.0,3,29.0
7685.0,1,18.0
7690.0,6,39.0
7695.0,14,96.0
7700.0,15,146.0
7705.0,12,161.0
7710.0,7,188.0
7715.0,10,235.0
7720.0,8,245.0
7725.0,6,213.0
7730.0,6,157.0
7735.0,1,149.0
7740.0,8,161.0
7745.0,7,161.0
7750.0,3,111.0
7755.0,1,48.0
7760.0,2,51.0
7765.0,8,77.0
7770.0,9,93.0
7775.0,5,70.0
7780.0,3,55.0
7785.0,4,55.0
7790.0,2,42.0
7795.0,7,44.0
7800.0,14,99.0
7805.0,20,180.0
7810.0,18,236.0
7815.0,13,237.0
7820.0,8,184.0
7825.0,2,186.0
7830.0,6,208.0
7835.0,12,260.0
7840.0,14,279.0
7845.0,10,244.0
7850.0,8,168.0
7855.0,2,183.0
7860.0,6,207.0
7865.0,7,197.0
7870.0,4,128.0
7875.0,5,93.0
7880.0,3,92.0
7885.0,8,115.0
7890.0,10,130.0
7895.0,7,116.0
7900.0,2,80.0
7905.0,2,64.0
7910.0,7,89.0
7915.0,14,144.0
7920.0,19,228.0
7925.0,26,347.0
7930.0,30,489.0
7935.0,28,566.0
7940.0,22,557.0
7945.0,16,482.0
7950.0,10,419.0
7955.0,1,394.0
7960.0,6,393.0
7965.0,6,370.0
7970.0,4,287.0
7975.0,4,295.0
7980.0,8,312.0
7985.0,11,294.0
7990.0,8,193.0
7995.0,3,206.0
8000.0,7,229.0
8005.0,13,282.0
8010.0,12,274.0
8015.0,10,184.0
8020.0,10,195.0
8025.0,8,237.0
8030.0,9,238.0
8035.0,6,194.0
8040.0,7,220.0
8045.0,9,261.0
8050.0,9,257.0
8055.0,7,206.0
8060.0,9,142.0
8065.0,5,169.0
8070.0,8,195.0
8075.0,8,198.0
8080.0,3,145.0
8085.0,5,91.0
8090.0,2,93.0
8095.0,8,114.0
8100.0,8,123.0
8105.0,5,105.0
8110.0,4,66.0
8115.0,1,42.0
8120.0,1,35.0
8125.0,6,54.0
8130.0,7,66.0
8135.0,5,59.0
8140.0,0,44.0
8145.0,8,64.0
8150.0,7,80.0
8155.0,4,56.0
8160.0,3,69.0
8165.0,9,102.0
8170.0,9,119.0
8175.0,4,96.0
8180.0,3,60.0
8185.0,2,72.0
8190.0,7,97.0
8195.0,7,109.0
8200.0,5,92.0
8205.0,3,61.0
8210.0,2,59.0
8215.0,7,85.0
8220.0,8,94.0
8225.0,5,74.0
8230.0,2,68.0
8235.0,7,93.0
8240.0,9,108.0
8245.0,5,88.0
8250.0,2,60.0
8255.0,0,33.0
8260.0,2,32.0
8265.0,6,55.0
8270.0,12,102.0
8275.0,20,187.0
8280.0,18,247.0
8285.0,12,244.0
8290.0,7,209.0
8295.0,3,201.0
8300.0,8,228.0
8305.0,8,228.0
8310.0,4,178.0
8315.0,6,90.0
8320.0,2,95.0
8325.0,7,110.0
8330.0,8,114.0
8335.0,6,93.0
8340.0,4,66.0
8345.0,2,55.0
8350.0,8,66.0
8355.0,7,83.0
8360.0,5,75.0
8365.0,4,54.0
8370.0,2,46.0
8375.0,6,64.0
8380.0,7,78.0
8385.0,3,63.0
8390.0,3,76.0
8395.0,10,114.0
8400.0,10,137.0
8405.0,7,119.0
8410.0,3,77.0
8415.0,0,48.0
8420.0,1,45.0
8425.0,6,64.0
8430.0,12,112.0
8435.0,13,145.0
8440.0,10,146.0
8445.0,4,109.0
8450.0,2,106.0
8455.0,6,126.0
8460.0,8,131.0
8465.0,6,110.0
8470.0,4,77.0
8475.0,3,54.0
8480.0,2,38.0
8485.0,7,55.0
8490.0,8,70.0
8495.0,4,48.0
8500.0,4,36.0
8505.0,3,31.0
8510.0,6,53.0
8515.0,8,71.0
8520.0,4,58.0
8525.0,3,45.0
8530.0,2,46.0
8535.0,8,73.0
8540.0,8,91.0
8545.0,6,75.0
8550.0,5,61.0
8555.0,1,59.0
8560.0,6,69.0
8565.0,6,82.0
8570.0,4,64.0
8575.0,2,38.0
8580.0,2,31.0
8585.0,2,29.0
8590.0,0,6.0
8595.0,5,23.0
8600.0,6,43.0
8605.0,3,40.0
8610.0,3,41.0
8615.0,7,66.0
8620.0,15,124.0
8625.0,20,210.0
8630.0,20,270.0
8635.0,16,281.0
8640.0,16,254.0
8645.0,9,245.0
8650.0,2,217.0
8655.0,6,213.0
8660.0,8,211.0
8665.0,3,164.0
8670.0,3,88.0
8675.0,0,73.0
8680.0,7,94.0
8685.0,9,106.0
8690.0,4,79.0
8695.0,2,42.0
8700.0,2,40.0
8705.0,6,61.0
8710.0,14,116.0
8715.0,15,157.0
8720.0,8,147.0
8725.0,4,108.0
8730.0,3,113.0
8735.0,8,118.0
8740.0,8,127.0
8745.0,7,82.0
8750.0,3,89.0
8755.0,8,107.0
8760.0,7,104.0
8765.0,3,76.0
8770.0,5,95.0
8775.0,10,136.0
8780.0,9,151.0
8785.0,7,133.0
8790.0,7,162.0
8795.0,11,204.0
8800.0,10,217.0
8805.0,7,188.0
8810.0,6,196.0
8815.0,7,228.0
8820.0,15,286.0
8825.0,20,377.0
8830.0,22,427.0
8835.0,20,380.0
8840.0,16,454.0
8845.0,11,518.0
8850.0,7,494.0
8855.0,3,397.0
8860.0,3,380.0
8865.0,8,410.0
8870.0,8,390.0
8875.0,6,299.0
8880.0,2,263.0
8885.0,7,288.0
8890.0,8,275.0
8895.0,7,211.0
8900.0,4,140.0
8905.0,1,118.0
8910.0,7,132.0
8915.0,9,127.0
8920.0,8,100.0
8925.0,4,103.0
8930.0,7,120.0
8935.0,8,125.0
8940.0,5,88.0
8945.0,3,60.0
8950.0,4,57.0
8955.0,7,82.0
8960.0,9,100.0
8965.0,4,88.0
8970.0,4,60.0
8975.0,3,52.0
8980.0,4,46.0
8985.0,1,27.0
8990.0,6,31.0
8995.0,5,45.0
9000.0,3,39.0
9005.0,4,39.0
9010.0,9,74.0
9015.0,16,139.0
9020.0,22,236.0
9025.0,25,354.0
9030.0,30,497.0
9035.0,27,574.0
9040.0,20,535.0
9045.0,16,581.0
9050.0,11,646.0
9055.0,6,612.0
9060.0,3,505.0
9065.0,6,523.0
9070.0,9,559.0
9075.0,16,626.0
9080.0,17,625.0
9085.0,15,533.0
9090.0,16,608.0
9095.0,14,680.0
9100.0,10,640.0
9105.0,5,502.0
9110.0,5,490.0
9115.0,7,525.0
9120.0,8,479.0
9125.0,9,355.0
9130.0,10,391.0
9135.0,12,441.0
9140.0,16,509.0
9145.0,17,498.0
9150.0,18,422.0
9155.0,14,464.0
9160.0,14,528.0
9165.0,14,594.0
9170.0,16,587.0
9175.0,12,498.0
9180.0,10,378.0
9185.0,7,389.0
9190.0,8,419.0
9195.0,7,395.0
9200.0,5,310.0
9205.0,5,300.0
9210.0,9,330.0
9215.0,15,392.0
9220.0,21,482.0
9225.0,21,503.0
9230.0,16,437.0
9235.0,9,416.0
9240.0,8,449.0
9245.0,7,409.0
9250.0,5,304.0
9255.0,3,177.0
9260.0,3,175.0
9265.0,8,202.0
9270.0,8,194.0
9275.0,5,128.0
9280.0,2,58.0
9285.0,2,56.0
9290.0,7,81.0
9295.0,8,90.0
9300.0,4,75.0
9305.0,0,61.0
9310.0,6,81.0
9315.0,7,93.0
9320.0,4,72.0
9325.0,3,38.0
9330.0,3,26.0
9335.0,1,27.0
9340.0,6,34.0
9345.0,6,55.0
9350.0,4,53.0
9355.0,3,37.0
9360.0,2,20.0
9365.0,7,41.0
9370.0,8,65.0
9375.0,5,61.0
9380.0,1,45.0
9385.0,2,44.0
9390.0,8,71.0
9395.0,8,93.0
9400.0,8,74.0
9405.0,3,95.0
9410.0,7,121.0
9415.0,9,129.0
9420.0,6,108.0
9425.0,6,85.0
9430.0,2,69.0
9435.0,1,38.0
9440.0,7,58.0
9445.0,6,73.0
9450.0,4,56.0
9455.0,3,35.0
9460.0,2,28.0
9465.0,8,48.0
9470.0,9,75.0
9475.0,8,80.0
9480.0,4,86.0
9485.0,7,108.0
9490.0,15,167.0
9495.0,15,211.0
9500.0,14,213.0
9505.0,12,207.0
9510.0,7,217.0
9515.0,7,245.0
9520.0,7,243.0
9525.0,3,194.0
9530.0,2,177.0
9535.0,6,198.0
9540.0,7,195.0
9545.0,5,134.0
9550.0,3,141.0
9555.0,9,168.0
9560.0,7,164.0
9565.0,5,115.0
9570.0,3,55.0
9575.0,3,48.0
9580.0,7,74.0
9585.0,8,91.0
9590.0,5,74.0
9595.0,2,44.0
9600.0,2,44.0
9605.0,8,72.0
9610.0,8,94.0
9615.0,4,74.0
9620.0,1,41.0
9625.0,2,45.0
9630.0,7,71.0
9635.0,8,86.0
9640.0,5,64.0
9645.0,2,76.0
9650.0,7,103.0
9655.0,9,120.0
9660.0,8,111.0
9665.0,2,100.0
9670.0,5,122.0
9675.0,7,125.0
9680.0,5,102.0
9685.0,2,64.0
9690.0,3,55.0
9695.0,8,79.0
9700.0,6,86.0
9705.0,3,61.0
9710.0,2,53.0
9715.0,7,78.0
9720.0,8,93.0
9725.0,5,74.0
9730.0,3,48.0
9735.0,3,42.0
9740.0,9,70.0
9745.0,8,89.0
9750.0,5,78.0
9755.0,3,51.0
9760.0,0,35.0
9765.0,1,37.0
9770.0,8,64.0
9775.0,7,80.0
9780.0,6,69.0
9785.0,3,63.0
9790.0,9,93.0
9795.0,15,154.0
9800.0,18,239.0
9805.0,22,338.0
9810.0,26,457.0
9815.0,28,591.0
9820.0,28,731.0
9825.0,33,890.0
9830.0,32,956.0
9835.0,24,898.0
9840.0,18,945.0
9845.0,14,1021.0
9850.0,12,1081.0
9855.0,19,1164.0
9860.0,21,1141.0
9865.0,19,996.0
9870.0,16,1024.0
9875.0,13,1093.0
9880.0,14,1154.0
9885.0,21,1244.0
9890.0,20,1206.0
9895.0,19,1038.0
9900.0,11,1043.0
9905.0,8,1084.0
9910.0,9,989.0
9915.0,7,770.0
9920.0,4,735.0
9925.0,9,766.0
9930.0,9,678.0
9935.0,6,477.0
9940.0,5,255.0
9945.0,4,117.0
9950.0,3,62.0
9955.0,1,30.0
9960.0,7,36.0
9965.0,13,87.0
9970.0,13,127.0
9975.0,11,126.0
9980.0,6,146.0
9985.0,7,174.0
9990.0,8,181.0
9995.0,3,141.0
10000.0,1,122.0
10005.0,6,145.0
10010.0,12,193.0
10015.0,14,215.0
10020.0,15,197.0
10025.0,13,264.0
10030.0,12,310.0
10035.0,16,374.0
10040.0,22,472.0
10045.0,23,513.0
10050.0,21,487.0
10055.0,16,574.0
10060.0,16,643.0
10065.0,11,624.0
10070.0,6,530.0
10075.0,4,409.0
10080.0,5,400.0
10085.0,8,427.0
10090.0,7,401.0
10095.0,7,306.0
10100.0,4,215.0
10105.0,2,162.0
10110.0,6,182.0
10115.0,8,169.0
10120.0,5,100.0
10125.0,2,39.0
10130.0,0,21.0
10135.0,1,17.0
10140.0,0,12.0
10145.0,6,32.0
10150.0,12,78.0
10155.0,18,155.0
10160.0,23,262.0
10165.0,28,391.0
10170.0,33,547.0
10175.0,31,645.0
10180.0,23,648.0
10185.0,15,562.0
10190.0,7,604.0
10195.0,7,631.0
10200.0,8,599.0
10205.0,5,495.0
10210.0,5,506.0
10215.0,9,544.0
10220.0,8,511.0
10225.0,6,396.0
10230.0,4,231.0
10235.0,2,220.0
10240.0,8,248.0
10245.0,10,229.0
10250.0,6,141.0
10255.0,6,80.0
10260.0,1,68.0
10265.0,8,88.0
10270.0,8,104.0
10275.0,4,81.0
10280.0,1,37.0
10285.0,0,17.0
10290.0,0,7.0
10295.0,1,9.0
10300.0,7,32.0
10305.0,6,54.0
10310.0,5,58.0
10315.0,3,63.0
10320.0,10,101.0
10325.0,11,127.0
10330.0,6,119.0
10335.0,2,77.0
10340.0,2,67.0
10345.0,7,94.0
10350.0,8,103.0
10355.0,5,72.0
10360.0,2,42.0
10365.0,2,36.0
10370.0,6,60.0
10375.0,8,79.0
10380.0,4,67.0
10385.0,4,71.0
10390.0,8,103.0
10395.0,10,126.0
10400.0,7,110.0
10405.0,9,142.0
10410.0,11,188.0
10415.0,10,200.0
10420.0,5,147.0
10425.0,6,107.0
10430.0,3,78.0
10435.0,2,72.0
10440.0,6,92.0
10445.0,7,104.0
10450.0,5,84.0
10455.0,2,74.0
10460.0,6,95.0
10465.0,6,101.0
10470.0,6,81.0
10475.0,3,45.0
10480.0,4,36.0
10485.0,1,29.0
10490.0,6,41.0
10495.0,15,95.0
10500.0,18,178.0
10505.0,21,278.0
10510.0,22,387.0
10515.0,25,504.0
10520.0,29,641.0
10525.0,33,797.0
10530.0,32,874.0
10535.0,23,833.0
10540.0,15,686.0
10545.0,9,545.0
10550.0,1,467.0
10555.0,7,474.0
10560.0,13,525.0
10565.0,14,507.0
10570.0,11,416.0
10575.0,7,444.0
10580.0,9,479.0
10585.0,10,440.0
10590.0,8,320.0
10595.0,5,273.0
10600.0,6,302.0
10605.0,6,259.0
10610.0,5,159.0
10615.0,5,92.0
10620.0,2,86.0
10625.0,7,111.0
10630.0,7,115.0
10635.0,5,84.0
10640.0,1,42.0
10645.0,0,18.0
10650.0,1,20.0
10655.0,7,44.0
10660.0,13,96.0
10665.0,18,177.0
10670.0,21,278.0
10675.0,23,393.0
10680.0,25,513.0
10685.0,21,562.0
10690.0,14,481.0
10695.0,9,386.0
10700.0,8,291.0
10705.0,0,255.0
10710.0,6,263.0
10715.0,7,237.0
10720.0,4,154.0
10725.0,1,83.0
10730.0,1,42.0
10735.0,0,19.0
10740.0,6,38.0
10745.0,12,89.0
10750.0,10,114.0
10755.0,5,100.0
10760.0,4,65.0
10765.0,2,68.0
10770.0,6,89.0
10775.0,7,92.0
10780.0,4,72.0
10785.0,2,74.0
10790.0,7,100.0
10795.0,7,111.0
10800.0,5,85.0
10805.0,3,49.0
10810.0,2,46.0
10815.0,9,76.0
10820.0,8,92.0
10825.0,4,74.0
10830.0,1,43.0
10835.0,2,36.0
10840.0,8,63.0
10845.0,13,118.0
10850.0,19,201.0
10855.0,18,254.0
10860.0,11,245.0
10865.0,4,227.0
10870.0,6,249.0
10875.0,6,233.0
10880.0,5,155.0
10885.0,4,90.0
10890.0,0,82.0
10895.0,7,96.0
10900.0,7,99.0
10905.0,8,74.0
10910.0,7,72.0
10915.0,2,71.0
10920.0,8,78.0
10925.0,8,96.0
10930.0,5,79.0
10935.0,4,64.0
10940.0,1,61.0
10945.0,7,75.0
10950.0,6,83.0
10955.0,7,71.0
10960.0,5,83.0
10965.0,9,110.0
10970.0,15,172.0
10975.0,16,212.0
10980.0,13,193.0
10985.0,11,250.0
10990.0,13,312.0
10995.0,13,373.0
11000.0,14,396.0
11005.0,14,364.0
11010.0,11,414.0
11015.0,14,478.0
11020.0,11,474.0
11025.0,8,397.0
11030.0,6,281.0
11035.0,4,258.0
11040.0,6,270.0
11045.0,7,254.0
11050.0,5,175.0
11055.0,2,76.0
11060.0,2,71.0
11065.0,7,96.0
11070.0,7,99.0
11075.0,6,76.0
11080.0,6,61.0
11085.0,2,61.0
11090.0,7,75.0
11095.0,8,98.0
11100.0,7,96.0
11105.0,5,81.0
11110.0,5,76.0
11115.0,0,50.0
11120.0,5,48.0
11125.0,4,56.0
11130.0,1,33.0
11135.0,0,6.0
11140.0,1,7.0
11145.0,6,27.0
11150.0,8,52.0
11155.0,5,59.0
11160.0,1,46.0
11165.0,7,68.0
11170.0,7,79.0
11175.0,3,64.0
11180.0,4,64.0
11185.0,8,98.0
11190.0,11,117.0
11195.0,8,108.0
11200.0,5,85.0
11205.0,2,81.0
11210.0,8,99.0
11215.0,10,119.0
11220.0,7,98.0
11225.0,3,77.0
11230.0,3,63.0
11235.0,1,37.0
11240.0,6,43.0
11245.0,7,60.0
11250.0,4,53.0
11255.0,3,38.0
11260.0,2,26.0
11265.0,7,48.0
11270.0,8,69.0
11275.0,4,62.0
11280.0,2,67.0
11285.0,7,95.0
11290.0,8,110.0
11295.0,5,87.0
11300.0,4,53.0
11305.0,2,39.0
11310.0,0,30.0
11315.0,6,41.0
11320.0,7,60.0
11325.0,5,61.0
11330.0,3,60.0
11335.0,8,88.0
11340.0,15,149.0
11345.0,15,187.0
11350.0,10,167.0
11355.0,2,127.0
11360.0,2,130.0
11365.0,6,151.0
11370.0,6,153.0
11375.0,3,101.0
11380.0,2,113.0
11385.0,8,142.0
11390.0,7,141.0
11395.0,3,89.0
11400.0,3,42.0
11405.0,3,47.0
11410.0,8,72.0
11415.0,7,85.0
11420.0,6,72.0
11425.0,2,61.0
11430.0,7,87.0
11435.0,10,104.0
11440.0,5,91.0
11445.0,4,71.0
11450.0,2,68.0
11455.0,8,90.0
11460.0,8,105.0
11465.0,4,82.0
11470.0,3,49.0
11475.0,2,36.0
11480.0,1,21.0
11485.0,5,39.0
11490.0,7,52.0
11495.0,3,43.0
11500.0,3,42.0
11505.0,2,23.0
11510.0,6,38.0
11515.0,6,53.0
11520.0,3,43.0
11525.0,1,27.0
11530.0,2,28.0
11535.0,7,54.0
11540.0,9,77.0
11545.0,4,71.0
11550.0,3,52.0
11555.0,0,28.0
11560.0,1,20.0
11565.0,1,12.0
11570.0,6,31.0
11575.0,5,44.0
11580.0,1,32.0
11585.0,2,29.0
11590.0,7,51.0
11595.0,7,66.0
11600.0,3,51.0
11605.0,3,54.0
11610.0,8,82.0
11615.0,14,138.0
11620.0,14,173.0
11625.0,11,156.0
11630.0,10,143.0
11635.0,1,145.0
11640.0,7,158.0
11645.0,6,160.0
11650.0,2,122.0
11655.0,0,62.0
11660.0,0,26.0
11665.0,1,19.0
11670.0,7,43.0
11675.0,6,58.0
11680.0,3,48.0
11685.0,1,24.0
11690.0,2,20.0
11695.0,0,5.0
11700.0,6,23.0
11705.0,11,69.0
11710.0,13,133.0
11715.0,17,208.0
11720.0,13,242.0
11725.0,6,188.0
11730.0,3,118.0
11735.0,3,115.0
11740.0,8,147.0
11745.0,7,144.0
11750.0,3,99.0
11755.0,4,57.0
11760.0,3,49.0
11765.0,0,33.0
11770.0,7,45.0
11775.0,7,64.0
11780.0,7,62.0
11785.0,2,70.0
11790.0,8,81.0
11795.0,13,133.0
11800.0,15,170.0
11805.0,12,171.0
11810.0,12,158.0
11815.0,4,171.0
11820.0,8,185.0
11825.0,9,195.0
11830.0,6,170.0
11835.0,4,117.0
11840.0,4,92.0
11845.0,2,60.0
11850.0,7,77.0
11855.0,13,131.0
11860.0,19,212.0
11865.0,19,259.0
11870.0,12,247.0
11875.0,13,306.0
11880.0,13,372.0
11885.0,14,438.0
11890.0,20,528.0
11895.0,28,653.0
11900.0,30,715.0
11905.0,22,683.0
11910.0,16,738.0
11915.0,14,812.0
11920.0,10,780.0
11925.0,8,586.0
11930.0,6,600.0
11935.0,9,633.0
11940.0,13,685.0
11945.0,14,660.0
11950.0,13,550.0
11955.0,9,555.0
11960.0,12,606.0
11965.0,8,562.0
11970.0,5,425.0
11975.0,2,394.0
11980.0,9,425.0
11985.0,9,386.0
11990.0,6,264.0
11995.0,9,151.0
12000.0,2,150.0
12005.0,7,155.0
12010.0,6,152.0
12015.0,5,106.0
12020.0,3,49.0
12025.0,3,46.0
12030.0,9,75.0
12035.0,8,93.0
12040.0,4,74.0
12045.0,1,43.0
12050.0,0,22.0
12055.0,0,8.0
12060.0,0,3.0
12065.0,5,16.0
12070.0,5,38.0
12075.0,3,38.0
12080.0,2,39.0
12085.0,8,65.0
12090.0,7,81.0
12095.0,5,73.0
12100.0,3,47.0
12105.0,1,45.0
12110.0,8,69.0
12115.0,14,130.0
12120.0,19,217.0
12125.0,21,314.0
12130.0,26,434.0
12135.0,31,578.0
12140.0,32,734.0
12145.0,33,896.0
12150.0,31,967.0
12155.0,22,917.0
12160.0,15,750.0
12165.0,6,638.0
12170.0,0,554.0
12175.0,5,563.0
12180.0,6,513.0
12185.0,3,387.0
12190.0,2,364.0
12195.0,8,390.0
12200.0,9,353.0
12205.0,5,222.0
12210.0,3,69.0
12215.0,3,75.0
12220.0,9,106.0
12225.0,9,107.0
12230.0,6,85.0
12235.0,1,54.0
12240.0,1,49.0
12245.0,7,69.0
12250.0,8,83.0
12255.0,3,60.0
12260.0,2,54.0
12265.0,7,81.0
12270.0,8,94.0
12275.0,1,63.0
12280.0,3,71.0
12285.0,9,104.0
12290.0,9,114.0
12295.0,5,91.0
12300.0,3,92.0
12305.0,9,122.0
12310.0,9,130.0
12315.0,6,92.0
12320.0,3,62.0
12325.0,1,43.0
12330.0,7,58.0
12335.0,8,74.0
12340.0,7,64.0
12345.0,3,74.0
12350.0,8,97.0
12355.0,8,115.0
12360.0,5,98.0
12365.0,3,89.0
12370.0,7,113.0
12375.0,7,119.0
12380.0,4,90.0
12385.0,3,97.0
12390.0,9,128.0
12395.0,9,135.0
12400.0,6,109.0
12405.0,7,129.0
12410.0,10,168.0
12415.0,9,175.0
12420.0,5,137.0
12425.0,6,143.0
12430.0,8,176.0
12435.0,10,190.0
12440.0,9,170.0
12445.0,5,173.0
12450.0,7,193.0
12455.0,13,244.0
12460.0,14,265.0
12465.0,12,239.0
12470.0,10,176.0
12475.0,7,143.0
12480.0,1,122.0
12485.0,6,129.0
12490.0,6,133.0
12495.0,2,98.0
12500.0,2,99.0
12505.0,8,128.0
12510.0,14,190.0
12515.0,15,217.0
12520.0,12,199.0
12525.0,14,238.0
12530.0,12,305.0
12535.0,8,301.0
12540.0,4,244.0
12545.0,3,173.0
12550.0,3,176.0
12555.0,8,201.0
12560.0,7,202.0
12565.0,4,155.0
12570.0,4,93.0
12575.0,0,78.0
12580.0,6,91.0
12585.0,6,92.0
12590.0,4,53.0
12595.0,3,31.0
12600.0,2,30.0
12605.0,8,56.0
12610.0,8,80.0
12615.0,6,62.0
12620.0,5,83.0
12625.0,8,119.0
12630.0,9,135.0
12635.0,5,115.0
12640.0,4,82.0
12645.0,3,87.0
12650.0,7,110.0
12655.0,8,124.0
12660.0,6,92.0
12665.0,3,94.0
12670.0,7,121.0
12675.0,8,133.0
12680.0,8,104.0
12685.0,6,119.0
12690.0,10,154.0
12695.0,8,163.0
12700.0,7,138.0
12705.0,6,142.0
12710.0,8,181.0
12715.0,8,186.0
12720.0,7,153.0
12725.0,5,105.0
12730.0,3,104.0
12735.0,8,127.0
12740.0,9,139.0
12745.0,4,96.0
12750.0,4,70.0
12755.0,2,58.0
12760.0,7,72.0
12765.0,7,88.0
12770.0,4,69.0
12775.0,1,37.0
12780.0,2,25.0
12785.0,1,18.0
12790.0,7,40.0
12795.0,13,91.0
12800.0,13,130.0
12805.0,8,128.0
12810.0,3,146.0
12815.0,8,173.0
12820.0,10,182.0
12825.0,8,156.0
12830.0,10,116.0
12835.0,3,123.0
12840.0,8,127.0
12845.0,8,129.0
12850.0,5,100.0
12855.0,2,67.0
12860.0,1,43.0
12865.0,1,26.0
12870.0,5,42.0
12875.0,5,52.0
12880.0,5,52.0
12885.0,4,54.0
12890.0,9,87.0
12895.0,9,106.0
12900.0,6,80.0
12905.0,7,74.0
12910.0,2,69.0
12915.0,5,87.0
12920.0,6,94.0
12925.0,2,67.0
12930.0,0,43.0
12935.0,0,15.0
12940.0,3,10.0
12945.0,1,10.0
12950.0,7,28.0
12955.0,8,53.0
12960.0,4,52.0
12965.0,2,62.0
12970.0,8,89.0
12975.0,9,106.0
12980.0,8,100.0
12985.0,9,129.0
12990.0,10,162.0
12995.0,11,179.0
13000.0,10,159.0
13005.0,5,160.0
13010.0,8,185.0
13015.0,6,190.0
13020.0,3,149.0
13025.0,3,95.0
13030.0,3,92.0
13035.0,7,116.0
13040.0,9,128.0
13045.0,5,105.0
13050.0,5,74.0
13055.0,2,79.0
13060.0,6,92.0
13065.0,13,143.0
13070.0,12,176.0
13075.0,9,144.0
13080.0,9,171.0
13085.0,11,222.0
13090.0,12,276.0
13095.0,12,292.0
13100.0,9,257.0
13105.0,9,193.0
13110.0,5,207.0
13115.0,6,230.0
13120.0,7,228.0
13125.0,3,179.0
13130.0,0,100.0
13135.0,4,50.0
13140.0,1,45.0
13145.0,6,53.0
13150.0,7,67.0
13155.0,4,55.0
13160.0,2,40.0
13165.0,2,30.0
13170.0,3,36.0
13175.0,1,10.0
13180.0,7,25.0
13185.0,12,77.0
13190.0,10,109.0
13195.0,3,96.0
13200.0,3,46.0
13205.0,2,39.0
13210.0,7,57.0
13215.0,7,71.0
13220.0,5,57.0
13225.0,3,44.0
13230.0,3,40.0
13235.0,2,24.0
13240.0,6,34.0
13245.0,11,75.0
13250.0,14,143.0
13255.0,17,223.0
13260.0,21,320.0
13265.0,25,438.0
13270.0,31,581.0
13275.0,35,748.0
13280.0,38,937.0
13285.0,32,1014.0
13290.0,23,868.0
13295.0,14,948.0
13300.0,12,1009.0
13305.0,8,950.0
13310.0,5,782.0
13315.0,2,554.0
13320.0,2,553.0
13325.0,8,582.0
13330.0,9,538.0
13335.0,7,410.0
13340.0,5,427.0
13345.0,8,458.0
13350.0,11,415.0
13355.0,8,247.0
13360.0,5,235.0
13365.0,8,270.0
13370.0,8,225.0
13375.0,4,142.0
13380.0,1,83.0
13385.0,2,46.0
13390.0,4,43.0
13395.0,1,18.0
13400.0,7,30.0
13405.0,12,78.0
13410.0,12,116.0
13415.0,10,121.0
13420.0,4,98.0
13425.0,3,77.0
13430.0,1,50.0
13435.0,7,72.0
13440.0,9,93.0
13445.0,8,77.0
13450.0,2,79.0
13455.0,7,98.0
13460.0,8,106.0
13465.0,8,105.0
13470.0,1,101.0
13475.0,7,111.0
13480.0,13,166.0
13485.0,15,198.0
13490.0,10,183.0
13495.0,7,216.0
13500.0,10,254.0
13505.0,11,257.0
13510.0,6,207.0
13515.0,6,147.0
13520.0,4,98.0
13525.0,1,81.0
13530.0,7,88.0
13535.0,7,90.0
13540.0,5,73.0
13545.0,4,49.0
13550.0,2,38.0
13555.0,2,36.0
13560.0,1,5.0
13565.0,6,23.0
13570.0,7,43.0
13575.0,4,40.0
13580.0,4,41.0
13585.0,2,25.0
13590.0,6,39.0
13595.0,7,58.0
13600.0,6,57.0
13605.0,4,60.0
13610.0,8,88.0
13615.0,10,111.0
13620.0,6,95.0
13625.0,3,63.0
13630.0,4,52.0
13635.0,0,35.0
13640.0,6,39.0
13645.0,8,60.0
13650.0,6,58.0
13655.0,1,55.0
13660.0,7,67.0
13665.0,8,82.0
13670.0,4,61.0
13675.0,3,31.0
13680.0,2,21.0
13685.0,2,26.0
13690.0,0,2.0
13695.0,4,15.0
13700.0,7,38.0
13705.0,2,36.0
13710.0,2,27.0
13715.0,7,52.0
13720.0,14,107.0
13725.0,14,146.0
13730.0,9,139.0
13735.0,11,124.0
13740.0,3,147.0
13745.0,8,154.0
13750.0,14,208.0
13755.0,14,238.0
13760.0,13,224.0
13765.0,12,276.0
13770.0,15,339.0
13775.0,13,347.0
13780.0,9,296.0
13785.0,6,211.0
13790.0,6,227.0
13795.0,8,258.0
13800.0,8,254.0
13805.0,5,203.0
13810.0,5,127.0
13815.0,2,136.0
13820.0,8,148.0
13825.0,10,155.0
13830.0,6,104.0
13835.0,5,79.0
13840.0,4,68.0
13845.0,1,40.0
13850.0,7,60.0
13855.0,12,108.0
13860.0,12,139.0
13865.0,12,137.0
13870.0,8,119.0
13875.0,5,107.0
13880.0,1,89.0
13885.0,7,100.0
13890.0,8,115.0
13895.0,5,98.0
13900.0,1,73.0
13905.0,7,91.0
13910.0,12,142.0
13915.0,19,226.0
13920.0,26,343.0
13925.0,26,413.0
13930.0,23,421.0
13935.0,15,380.0
13940.0,8,326.0
13945.0,1,309.0
13950.0,6,312.0
13955.0,8,306.0
13960.0,5,247.0
13965.0,2,145.0
13970.0,0,134.0
13975.0,7,155.0
13980.0,9,150.0
13985.0,7,96.0
13990.0,4,59.0
13995.0,1,54.0
14000.0,7,63.0
14005.0,6,81.0
14010.0,5,73.0
14015.0,4,55.0
14020.0,0,42.0
14025.0,6,59.0
14030.0,7,74.0
14035.0,7,68.0
14040.0,7,67.0
14045.0,1,68.0
14050.0,7,75.0
14055.0,8,89.0
14060.0,6,86.0
14065.0,3,89.0
14070.0,8,112.0
14075.0,10,129.0
14080.0,5,95.0
14085.0,5,75.0
14090.0,2,69.0
14095.0,7,90.0
14100.0,8,101.0
14105.0,4,82.0
14110.0,1,41.0
14115.0,1,43.0
14120.0,7,64.0
14125.0,7,77.0
14130.0,4,53.0
14135.0,3,66.0
14140.0,9,96.0
14145.0,10,112.0
14150.0,8,110.0
14155.0,6,84.0
14160.0,4,81.0
14165.0,7,103.0
14170.0,8,119.0
14175.0,6,104.0
14180.0,5,81.0
14185.0,4,76.0
14190.0,2,56.0
14195.0,6,64.0
14200.0,8,80.0
14205.0,4,62.0
14210.0,3,37.0
14215.0,1,39.0
14220.0,6,48.0
14225.0,7,61.0
14230.0,5,60.0
14235.0,5,56.0
14240.0,5,66.0
14245.0,2,52.0
14250.0,7,45.0
14255.0,6,62.0
14260.0,2,43.0
14265.0,3,18.0
14270.0,2,18.0
14275.0,7,42.0
14280.0,14,97.0
14285.0,14,140.0
14290.0,7,137.0
14295.0,6,102.0
14300.0,5,86.0
14305.0,1,64.0
14310.0,6,73.0
14315.0,6,79.0
14320.0,2,48.0
14325.0,1,36.0
14330.0,6,56.0
14335.0,8,74.0
14340.0,7,71.0
14345.0,2,56.0
14350.0,3,42.0
14355.0,8,69.0
14360.0,14,124.0
14365.0,19,208.0
14370.0,23,317.0
14375.0,25,437.0
14380.0,22,495.0
14385.0,17,468.0
14390.0,11,497.0
14395.0,14,556.0
14400.0,7,532.0
14405.0,7,405.0
14410.0,6,316.0
14415.0,0,257.0
14420.0,6,270.0
14425.0,6,249.0
14430.0,2,161.0
14435.0,1,60.0
14440.0,1,62.0
14445.0,7,83.0
14450.0,8,86.0
14455.0,6,66.0
14460.0,3,48.0
14465.0,3,41.0
14470.0,1,31.0
14475.0,6,41.0
14480.0,12,88.0
14485.0,12,122.0
14490.0,11,128.0
14495.0,6,150.0
14500.0,7,170.0
14505.0,7,175.0
14510.0,6,143.0
14515.0,3,90.0
14520.0,2,90.0
14525.0,8,116.0
14530.0,10,131.0
14535.0,4,101.0
14540.0,5,79.0
14545.0,4,67.0
14550.0,2,43.0
14555.0,7,57.0
14560.0,13,113.0
14565.0,19,195.0
14570.0,26,309.0
14575.0,32,455.0
14580.0,29,543.0
14585.0,22,544.0
14590.0,17,481.0
14595.0,9,405.0
14600.0,1,396.0
14605.0,7,394.0
14610.0,6,376.0
14615.0,4,266.0
14620.0,3,278.0
14625.0,8,311.0
14630.0,10,290.0
14635.0,5,165.0
14640.0,4,72.0
14645.0,2,81.0
14650.0,8,108.0
14655.0,8,112.0
14660.0,6,95.0
14665.0,4,101.0
14670.0,7,124.0
14675.0,13,175.0
14680.0,13,201.0
14685.0,9,163.0
14690.0,13,212.0
14695.0,11,269.0
14700.0,9,269.0
14705.0,6,209.0
14710.0,8,184.0
14715.0,2,175.0
14720.0,7,189.0
14725.0,8,196.0
14730.0,4,160.0
14735.0,2,95.0
14740.0,2,100.0
14745.0,8,128.0
14750.0,8,131.0
14755.0,7,105.0
14760.0,7,81.0
14765.0,2,71.0
14770.0,6,84.0
14775.0,8,102.0
14780.0,5,87.0
14785.0,4,63.0
14790.0,3,59.0
14795.0,7,87.0
14800.0,9,103.0
14805.0,4,83.0
14810.0,4,66.0
14815.0,1,53.0
14820.0,8,78.0
14825.0,8,97.0
14830.0,7,73.0
14835.0,1,70.0
14840.0,6,92.0
14845.0,7,102.0
14850.0,5,78.0
14855.0,3,53.0
14860.0,5,52.0
14865.0,1,43.0
14870.0,6,39.0
14875.0,9,64.0
14880.0,10,81.0
14885.0,2,94.0
14890.0,8,100.0
14895.0,9,118.0
14900.0,8,116.0
14905.0,5,95.0
14910.0,1,68.0
14915.0,8,92.0
14920.0,13,147.0
14925.0,19,230.0
14930.0,23,338.0
14935.0,26,464.0
14940.0,28,598.0
14945.0,29,739.0
14950.0,27,794.0
14955.0,21,733.0
14960.0,14,586.0
14965.0,9,507.0
14970.0,2,463.0
14975.0,8,481.0
14980.0,7,442.0
14985.0,7,323.0
14990.0,2,161.0
14995.0,2,80.0
15000.0,1,49.0
15005.0,6,66.0
15010.0,7,67.0
15015.0,4,47.0
15020.0,3,34.0
15025.0,2,28.0
15030.0,6,49.0
15035.0,7,65.0
15040.0,3,58.0
15045.0,4,67.0
15050.0,8,99.0
15055.0,9,117.0
15060.0,7,93.0
15065.0,6,81.0
15070.0,1,65.0
15075.0,1,46.0
15080.0,1,21.0
15085.0,8,47.0
15090.0,8,69.0
15095.0,6,61.0
15100.0,4,44.0
15105.0,1,30.0
15110.0,6,53.0
15115.0,8,71.0
15120.0,7,67.0
15125.0,4,60.0
15130.0,2,44.0
15135.0,8,61.0
15140.0,9,83.0
15145.0,7,87.0
15150.0,5,75.0
15155.0,1,64.0
15160.0,8,76.0
15165.0,10,101.0
15170.0,7,81.0
15175.0,6,85.0
15180.0,4,73.0
15185.0,0,49.0
15190.0,8,62.0
15195.0,7,84.0
15200.0,5,73.0
15205.0,4,54.0
15210.0,3,47.0
15215.0,1,25.0
15220.0,7,41.0
15225.0,7,63.0
15230.0,5,60.0
15235.0,2,54.0
15240.0,7,79.0
15245.0,8,99.0
15250.0,5,84.0
15255.0,1,61.0
15260.0,3,38.0
15265.0,1,35.0
15270.0,8,52.0
15275.0,8,73.0
15280.0,3,53.0
15285.0,3,67.0
15290.0,9,100.0
15295.0,15,163.0
15300.0,14,202.0
15305.0,11,197.0
15310.0,4,207.0
15315.0,8,234.0
15320.0,8,230.0
15325.0,7,180.0
15330.0,5,121.0
15335.0,4,115.0
15340.0,8,137.0
15345.0,8,137.0
15350.0,6,102.0
15355.0,7,75.0
15360.0,2,72.0
15365.0,8,82.0
15370.0,9,96.0
15375.0,5,83.0
15380.0,3,56.0
15385.0,2,47.0
15390.0,2,40.0
15395.0,0,4.0
15400.0,7,26.0
15405.0,5,46.0
15410.0,5,42.0
15415.0,3,42.0
15420.0,7,64.0
15425.0,8,81.0
15430.0,6,73.0
15435.0,4,57.0
15440.0,2,44.0
15445.0,7,67.0
15450.0,8,86.0
15455.0,6,75.0
15460.0,3,92.0
15465.0,9,120.0
15470.0,10,138.0
15475.0,5,114.0
15480.0,4,83.0
15485.0,2,80.0
15490.0,7,100.0
15495.0,6,108.0
15500.0,4,80.0
15505.0,2,42.0
15510.0,2,36.0
15515.0,8,63.0
15520.0,9,84.0
15525.0,5,70.0
15530.0,2,44.0
15535.0,3,36.0
15540.0,1,32.0
15545.0,7,56.0
15550.0,12,106.0
15555.0,14,145.0
15560.0,12,150.0
15565.0,6,176.0
15570.0,7,203.0
15575.0,9,206.0
15580.0,9,184.0
15585.0,5,201.0
15590.0,8,223.0
15595.0,7,216.0
15600.0,7,163.0
15605.0,4,94.0
15610.0,3,98.0
15615.0,6,124.0
15620.0,8,130.0
15625.0,5,110.0
15630.0,4,69.0
15635.0,2,62.0
15640.0,6,81.0
15645.0,7,94.0
15650.0,5,73.0
15655.0,6,54.0
15660.0,2,47.0
15665.0,8,75.0
15670.0,8,92.0
15675.0,5,77.0
15680.0,2,50.0
15685.0,2,33.0
15690.0,2,32.0
15695.0,2,11.0
15700.0,7,34.0
15705.0,13,85.0
15710.0,12,120.0
15715.0,12,132.0
15720.0,4,137.0
15725.0,7,140.0
15730.0,9,151.0
15735.0,5,124.0
15740.0,4,133.0
15745.0,8,160.0
15750.0,7,162.0
15755.0,4,121.0
15760.0,3,63.0
15765.0,2,70.0
15770.0,8,100.0
15775.0,9,118.0
15780.0,4,85.0
15785.0,3,62.0
15790.0,2,38.0
15795.0,2,33.0
15800.0,8,54.0
15805.0,8,77.0
15810.0,3,67.0
15815.0,1,41.0
15820.0,2,43.0
15825.0,8,70.0
15830.0,8,89.0
15835.0,5,74.0
15840.0,3,50.0
15845.0,3,44.0
15850.0,3,44.0
15855.0,1,24.0
15860.0,4,26.0
15865.0,5,38.0
15870.0,6,36.0
15875.0,2,41.0
15880.0,9,51.0
15885.0,9,79.0
15890.0,5,76.0
15895.0,3,79.0
15900.0,8,109.0
15905.0,7,120.0
15910.0,5,97.0
15915.0,4,66.0
15920.0,5,82.0
15925.0,8,112.0
15930.0,9,128.0
15935.0,6,111.0
15940.0,4,84.0
15945.0,4,70.0
15950.0,0,39.0
15955.0,6,47.0
15960.0,9,68.0
15965.0,7,65.0
15970.0,3,53.0
15975.0,2,38.0
15980.0,7,57.0
15985.0,14,114.0
15990.0,18,195.0
15995.0,23,304.0
16000.0,26,428.0
16005.0,23,490.0
16010.0,16,467.0
16015.0,14,503.0
16020.0,12,570.0
16025.0,10,552.0
16030.0,9,465.0
16035.0,4,451.0
16040.0,9,477.0
16045.0,15,537.0
16050.0,21,629.0
16055.0,22,645.0
16060.0,18,569.0
16065.0,13,636.0
16070.0,11,694.0
16075.0,15,754.0
16080.0,21,847.0
16085.0,23,845.0
16090.0,24,640.0
16095.0,13,723.0
16100.0,12,776.0
16105.0,7,718.0
16110.0,4,560.0
16115.0,3,357.0
16120.0,2,351.0
16125.0,7,372.0
16130.0,8,339.0
16135.0,5,235.0
16140.0,2,244.0
16145.0,8,273.0
16150.0,9,247.0
16155.0,8,178.0
16160.0,5,85.0
16165.0,4,75.0
16170.0,4,62.0
16175.0,7,62.0
16180.0,13,111.0
16185.0,13,148.0
16190.0,11,147.0
16195.0,9,181.0
16200.0,8,220.0
16205.0,9,222.0
16210.0,8,194.0
16215.0,5,214.0
16220.0,9,237.0
16225.0,8,239.0
16230.0,5,189.0
16235.0,4,115.0
16240.0,4,128.0
16245.0,7,154.0
16250.0,8,152.0
16255.0,6,115.0
16260.0,4,113.0
16265.0,8,136.0
16270.0,7,136.0
16275.0,5,104.0
16280.0,4,105.0
16285.0,8,142.0
16290.0,8,147.0
16295.0,6,111.0
16300.0,4,123.0
16305.0,6,152.0
16310.0,6,153.0
16315.0,4,124.0
16320.0,3,75.0
16325.0,2,51.0
16330.0,3,47.0
16335.0,5,59.0
16340.0,0,26.0
16345.0,6,18.0
16350.0,5,36.0
16355.0,2,20.0
16360.0,1,9.0
16365.0,7,30.0
16370.0,7,52.0
16375.0,2,46.0
16380.0,2,26.0
16385.0,2,12.0
16390.0,6,31.0
16395.0,8,64.0
16400.0,11,112.0
16405.0,14,176.0
16410.0,18,259.0
16415.0,22,358.0
16420.0,27,481.0
16425.0,31,626.0
16430.0,36,795.0
16435.0,32,871.0
16440.0,23,777.0
16445.0,15,671.0
16450.0,9,525.0
16455.0,1,518.0
16460.0,6,534.0
16465.0,7,503.0
16470.0,6,397.0
16475.0,3,374.0
16480.0,9,403.0
16485.0,15,468.0
16490.0,21,562.0
16495.0,28,690.0
16500.0,31,837.0
16505.0,35,1004.0
16510.0,38,1188.0
16515.0,32,1224.0
16520.0,24,1093.0
16525.0,16,1177.0
16530.0,13,1248.0
16535.0,10,1159.0
16540.0,8,929.0
16545.0,6,685.0
16550.0,4,480.0
16555.0,1,453.0
16560.0,6,475.0
16565.0,7,423.0
16570.0,4,284.0
16575.0,4,298.0
16580.0,10,335.0
16585.0,9,294.0
16590.0,8,171.0
16595.0,9,95.0
16600.0,1,100.0
16605.0,6,113.0
16610.0,8,121.0
16615.0,6,107.0
16620.0,3,112.0
16625.0,11,150.0
16630.0,9,161.0
16635.0,6,135.0
16640.0,5,95.0
16645.0,3,65.0
16650.0,3,49.0
16655.0,8,75.0
16660.0,7,91.0
16665.0,5,71.0
16670.0,4,48.0
16675.0,4,46.0
16680.0,2,35.0
16685.0,8,40.0
16690.0,14,93.0
16695.0,12,131.0
16700.0,7,127.0
16705.0,3,127.0
16710.0,8,154.0
16715.0,9,158.0
16720.0,6,122.0
16725.0,3,135.0
16730.0,8,165.0
16735.0,9,164.0
16740.0,6,90.0
16745.0,6,74.0
16750.0,4,59.0
16755.0,2,46.0
16760.0,7,62.0
16765.0,6,74.0
16770.0,4,61.0
16775.0,1,35.0
16780.0,1,25.0
16785.0,2,18.0
16790.0,1,7.0
16795.0,5,24.0
16800.0,6,43.0
16805.0,2,37.0
16810.0,2,33.0
16815.0,8,59.0
16820.0,8,76.0
16825.0,5,66.0
16830.0,4,72.0
16835.0,8,102.0
16840.0,8,118.0
16845.0,5,102.0
16850.0,4,70.0
16855.0,2,55.0
16860.0,1,39.0
16865.0,1,16.0
16870.0,7,38.0
16875.0,8,59.0
16880.0,4,56.0
16885.0,3,48.0
16890.0,9,77.0
16895.0,9,96.0
16900.0,5,72.0
16905.0,3,51.0
16910.0,1,39.0
16915.0,5,53.0
16920.0,7,69.0
16925.0,4,62.0
16930.0,4,46.0
16935.0,2,38.0
16940.0,8,57.0
16945.0,7,73.0
16950.0,5,68.0
16955.0,4,48.0
16960.0,2,38.0
16965.0,1,18.0
16970.0,6,37.0
16975.0,7,57.0
16980.0,7,64.0
16985.0,3,53.0
16990.0,4,51.0
16995.0,1,25.0
17000.0,6,33.0
17005.0,6,47.0
17010.0,2,34.0
17015.0,2,16.0
17020.0,2,19.0
17025.0,7,37.0
17030.0,7,56.0
17035.0,3,43.0
17040.0,5,45.0
17045.0,5,51.0
17050.0,1,42.0
17055.0,7,39.0
17060.0,13,93.0
17065.0,12,135.0
17070.0,10,131.0
17075.0,6,154.0
17080.0,9,172.0
17085.0,10,185.0
17090.0,7,156.0
17095.0,3,142.0
17100.0,7,168.0
17105.0,8,166.0
17110.0,5,123.0
17115.0,5,82.0
17120.0,6,73.0
17125.0,1,62.0
17130.0,7,52.0
17135.0,9,73.0
17140.0,10,85.0
17145.0,4,97.0
17150.0,9,109.0
17155.0,11,133.0
17160.0,7,117.0
17165.0,7,94.0
17170.0,2,85.0
17175.0,8,103.0
17180.0,7,112.0
17185.0,5,80.0
17190.0,4,96.0
17195.0,9,124.0
17200.0,8,134.0
17205.0,8,113.0
17210.0,4,76.0
17215.0,3,72.0
17220.0,7,94.0
17225.0,14,149.0
17230.0,13,184.0
17235.0,10,168.0
17240.0,8,137.0
17245.0,2,138.0
17250.0,8,164.0
17255.0,9,176.0
17260.0,5,141.0
17265.0,6,94.0
17270.0,3,67.0
17275.0,1,42.0
17280.0,6,53.0
17285.0,6,65.0
17290.0,4,48.0
17295.0,0,25.0
17300.0,0,9.0
17305.0,0,4.0
17310.0,6,19.0
17315.0,6,35.0
17320.0,4,38.0
17325.0,4,49.0
17330.0,10,79.0
17335.0,9,102.0
17340.0,5,87.0
17345.0,3,43.0
17350.0,2,41.0
17355.0,7,61.0
17360.0,13,117.0
17365.0,14,185.0
17370.0,16,260.0
17375.0,19,349.0
17380.0,23,457.0
17385.0,28,588.0
17390.0,29,731.0
17395.0,32,883.0
17400.0,34,1046.0
17405.0,38,1234.0
17410.0,32,1285.0
17415.0,22,1172.0
17420.0,18,1264.0
17425.0,15,1343.0
17430.0,10,1262.0
17435.0,7,1046.0
17440.0,6,1006.0
17445.0,9,1042.0
17450.0,14,1098.0
17455.0,20,1183.0
17460.0,22,1141.0
17465.0,20,910.0
17470.0,16,698.0
17475.0,5,674.0
17480.0,7,691.0
17485.0,9,615.0
17490.0,5,437.0
17495.0,3,215.0
17500.0,0,194.0
17505.0,6,210.0
17510.0,8,182.0
17515.0,5,133.0
17520.0,3,59.0
17525.0,2,50.0
17530.0,4,44.0
17535.0,1,20.0
17540.0,7,34.0
17545.0,5,52.0
17550.0,2,29.0
17555.0,2,31.0
17560.0,9,56.0
17565.0,8,75.0
17570.0,2,62.0
17575.0,3,71.0
17580.0,10,109.0
17585.0,8,123.0
17590.0,4,71.0
17595.0,3,75.0
17600.0,7,92.0
17605.0,8,94.0
17610.0,6,68.0
17615.0,0,62.0
17620.0,7,81.0
17625.0,7,91.0
17630.0,5,78.0
17635.0,5,76.0
17640.0,6,102.0
17645.0,8,114.0
17650.0,4,86.0
17655.0,2,51.0
17660.0,3,47.0
17665.0,1,28.0
17670.0,6,45.0
17675.0,8,64.0
17680.0,6,62.0
17685.0,4,57.0
17690.0,2,44.0
17695.0,7,55.0
17700.0,7,76.0
17705.0,4,66.0
17710.0,2,38.0
17715.0,1,31.0
17720.0,1,26.0
17725.0,6,50.0
17730.0,7,70.0
17735.0,3,57.0
17740.0,2,32.0
17745.0,4,26.0
17750.0,3,22.0
17755.0,9,40.0
17760.0,14,99.0
17765.0,13,144.0
17770.0,7,127.0
17775.0,1,128.0
17780.0,7,152.0
17785.0,8,159.0
17790.0,4,121.0
17795.0,3,55.0
17800.0,5,37.0
17805.0,3,39.0
17810.0,7,38.0
17815.0,12,89.0
17820.0,10,118.0
17825.0,2,94.0
17830.0,2,44.0
17835.0,2,45.0
17840.0,7,65.0
17845.0,14,123.0
17850.0,19,209.0
17855.0,18,252.0
17860.0,14,242.0
17865.0,8,278.0
17870.0,13,325.0
17875.0,10,330.0
17880.0,8,283.0
17885.0,5,280.0
17890.0,9,312.0
17895.0,9,304.0
17900.0,6,236.0
17905.0,5,142.0
17910.0,3,145.0
17915.0,8,161.0
17920.0,8,154.0
17925.0,7,115.0
17930.0,4,73.0
17935.0,2,61.0
17940.0,7,78.0
17945.0,8,92.0
17950.0,4,79.0
17955.0,5,50.0
17960.0,2,60.0
17965.0,6,82.0
17970.0,7,93.0
17975.0,5,77.0
17980.0,3,88.0
17985.0,9,117.0
17990.0,9,134.0
17995.0,5,114.0
18000.0,2,66.0
18005.0,2,67.0
18010.0,8,97.0
18015.0,8,111.0
18020.0,4,84.0
18025.0,4,48.0
18030.0,2,37.0
18035.0,3,40.0
18040.0,1,21.0
18045.0,6,30.0
18050.0,12,76.0
18055.0,12,111.0
18060.0,6,103.0
18065.0,3,122.0
18070.0,8,150.0
18075.0,10,160.0
18080.0,7,136.0
18085.0,4,142.0
18090.0,7,170.0
18095.0,8,166.0
18100.0,6,120.0
18105.0,3,128.0
18110.0,9,157.0
18115.0,8,162.0
18120.0,6,128.0
18125.0,6,83.0
18130.0,2,86.0
18135.0,8,108.0
18140.0,8,120.0
18145.0,5,79.0
18150.0,3,65.0
18155.0,1,45.0
18160.0,8,62.0
18165.0,7,74.0
18170.0,4,58.0
18175.0,5,75.0
18180.0,8,108.0
18185.0,14,168.0
18190.0,15,202.0
18195.0,11,191.0
18200.0,7,216.0
18205.0,9,248.0
18210.0,8,247.0
18215.0,7,203.0
18220.0,6,132.0
18225.0,3,105.0
18230.0,3,63.0
18235.0,0,35.0
18240.0,6,40.0
18245.0,6,58.0
18250.0,3,45.0
18255.0,4,57.0
18260.0,9,89.0
18265.0,16,152.0
18270.0,21,249.0
18275.0,28,377.0
18280.0,33,532.0
18285.0,31,628.0
18290.0,23,630.0
18295.0,16,580.0
18300.0,6,588.0
18305.0,7,611.0
18310.0,10,591.0
18315.0,5,498.0
18320.0,2,345.0
18325.0,1,192.0
18330.0,1,88.0
18335.0,1,43.0
18340.0,7,63.0
18345.0,6,50.0
18350.0,3,42.0
18355.0,2,21.0
18360.0,2,16.0
18365.0,6,39.0
18370.0,7,73.0
18375.0,12,121.0
18380.0,14,188.0
18385.0,16,261.0
18390.0,18,347.0
18395.0,19,442.0
18400.0,23,552.0
18405.0,25,674.0
18410.0,22,691.0
18415.0,18,596.0
18420.0,11,466.0
18425.0,9,341.0
18430.0,2,292.0
18435.0,8,315.0
18440.0,8,290.0
18445.0,5,181.0
18450.0,1,105.0
18455.0,1,83.0
18460.0,7,102.0
18465.0,6,97.0
18470.0,4,57.0
18475.0,3,30.0
18480.0,3,22.0
18485.0,8,45.0
18490.0,9,70.0
18495.0,5,56.0
18500.0,4,50.0
18505.0,3,53.0
18510.0,8,67.0
18515.0,7,85.0
18520.0,7,77.0
18525.0,3,71.0
18530.0,6,86.0
18535.0,6,96.0
18540.0,3,78.0
18545.0,1,41.0
18550.0,3,27.0
18555.0,1,15.0
18560.0,6,27.0
18565.0,8,58.0
18570.0,7,67.0
18575.0,3,73.0
18580.0,8,98.0
18585.0,9,118.0
18590.0,7,105.0
18595.0,4,78.0
18600.0,5,51.0
18605.0,2,45.0
18610.0,7,63.0
18615.0,7,81.0
18620.0,5,68.0
18625.0,4,47.0
18630.0,2,43.0
18635.0,7,56.0
18640.0,8,76.0
18645.0,5,63.0
18650.0,3,54.0
18655.0,2,33.0
18660.0,7,53.0
18665.0,8,68.0
18670.0,6,69.0
18675.0,3,53.0
18680.0,2,40.0
18685.0,8,55.0
18690.0,10,79.0
18695.0,6,74.0
18700.0,4,56.0
18705.0,3,51.0
18710.0,0,29.0
18715.0,5,41.0
18720.0,6,56.0
18725.0,4,49.0
18730.0,2,55.0
18735.0,8,82.0
18740.0,8,100.0
18745.0,5,66.0
18750.0,2,45.0
18755.0,1,26.0
18760.0,1,10.0
18765.0,6,33.0
18770.0,11,80.0
18775.0,7,104.0
18780.0,2,69.0
18785.0,2,26.0
18790.0,1,13.0
18795.0,7,39.0
18800.0,11,89.0
18805.0,11,144.0
18810.0,15,214.0
18815.0,20,302.0
18820.0,22,406.0
18825.0,27,530.0
18830.0,22,570.0
18835.0,18,515.0
18840.0,13,416.0
18845.0,5,411.0
18850.0,7,426.0
18855.0,10,401.0
18860.0,8,316.0
18865.0,6,306.0
18870.0,9,334.0
18875.0,8,311.0
18880.0,9,233.0
18885.0,7,243.0
18890.0,8,268.0
18895.0,15,331.0
18900.0,21,422.0
18905.0,21,445.0
18910.0,22,400.0
18915.0,15,452.0
18920.0,13,516.0
18925.0,15,579.0
18930.0,14,572.0
18935.0,12,493.0
18940.0,11,399.0
18945.0,4,308.0
18950.0,2,302.0
18955.0,7,328.0
18960.0,6,310.0
18965.0,6,208.0
18970.0,4,117.0
18975.0,5,61.0
18980.0,1,49.0
18985.0,7,39.0
18990.0,9,53.0
18995.0,5,56.0
19000.0,2,58.0
19005.0,9,89.0
19010.0,9,114.0
19015.0,2,95.0
19020.0,4,95.0
19025.0,8,124.0
19030.0,8,128.0
19035.0,4,87.0
19040.0,4,103.0
19045.0,10,140.0
19050.0,10,148.0
19055.0,8,121.0
19060.0,3,127.0
19065.0,8,155.0
19070.0,8,160.0
19075.0,6,128.0
19080.0,5,82.0
19085.0,3,58.0
19090.0,0,41.0
19095.0,7,54.0
19100.0,8,71.0
19105.0,5,67.0
19110.0,3,53.0
19115.0,4,50.0
19120.0,1,33.0
19125.0,5,39.0
19130.0,12,85.0
19135.0,18,166.0
19140.0,25,275.0
19145.0,32,418.0
19150.0,32,520.0
19155.0,24,543.0
19160.0,17,633.0
19165.0,15,711.0
19170.0,8,701.0
19175.0,7,613.0
19180.0,5,462.0
19185.0,3,377.0
19190.0,1,317.0
19195.0,6,332.0
19200.0,6,306.0
19205.0,4,209.0
19210.0,3,71.0
19215.0,2,26.0
19220.0,2,15.0
19225.0,6,31.0
19230.0,13,81.0
19235.0,12,112.0
19240.0,6,104.0
19245.0,5,115.0
19250.0,11,143.0
19255.0,15,208.0
19260.0,17,245.0
19265.0,14,229.0
19270.0,12,187.0
19275.0,5,218.0
19280.0,6,238.0
19285.0,8,239.0
19290.0,4,198.0
19295.0,4,197.0
19300.0,8,227.0
19305.0,9,230.0
19310.0,6,175.0
19315.0,5,187.0
19320.0,7,220.0
19325.0,8,214.0
19330.0,6,151.0
19335.0,4,84.0
19340.0,4,84.0
19345.0,7,108.0
19350.0,8,117.0
19355.0,6,89.0
19360.0,4,62.0
19365.0,3,53.0
19370.0,1,32.0
19375.0,6,41.0
19380.0,7,56.0
19385.0,3,49.0
19390.0,2,49.0
19395.0,7,71.0
19400.0,8,88.0
19405.0,5,77.0
19410.0,2,55.0
19415.0,2,49.0
19420.0,3,41.0
19425.0,0,20.0
19430.0,5,28.0
19435.0,5,45.0
19440.0,3,33.0
19445.0,4,41.0
19450.0,9,71.0
19455.0,8,90.0
19460.0,7,81.0
19465.0,3,63.0
19470.0,1,51.0
19475.0,7,73.0
19480.0,8,91.0
19485.0,5,82.0
19490.0,3,50.0
19495.0,3,39.0
19500.0,2,21.0
19505.0,7,40.0
19510.0,14,94.0
19515.0,19,182.0
19520.0,21,286.0
19525.0,19,340.0
19530.0,16,333.0
19535.0,11,367.0
19540.0,12,422.0
19545.0,7,412.0
19550.0,7,316.0
19555.0,4,328.0
19560.0,7,348.0
19565.0,8,323.0
19570.0,7,211.0
19575.0,5,228.0
19580.0,8,253.0
19585.0,7,240.0
19590.0,3,168.0
19595.0,3,161.0
19600.0,9,197.0
19605.0,8,183.0
19610.0,7,131.0
19615.0,6,102.0
19620.0,4,87.0
19625.0,6,110.0
19630.0,8,125.0
19635.0,6,111.0
19640.0,4,87.0
19645.0,1,71.0
19650.0,6,82.0
19655.0,7,92.0
19660.0,6,76.0
19665.0,3,72.0
19670.0,7,95.0
19675.0,8,109.0
19680.0,9,98.0
19685.0,6,117.0
19690.0,8,151.0
19695.0,11,165.0
19700.0,9,149.0
19705.0,7,115.0
19710.0,2,113.0
19715.0,9,120.0
19720.0,9,137.0
19725.0,7,122.0
19730.0,6,91.0
19735.0,2,87.0
19740.0,8,102.0
19745.0,8,118.0
19750.0,4,81.0
19755.0,1,45.0
19760.0,3,50.0
19765.0,7,74.0
19770.0,6,83.0
19775.0,5,67.0
19780.0,3,48.0
19785.0,2,38.0
19790.0,2,41.0
19795.0,3,44.0
19800.0,2,10.0
19805.0,9,34.0
19810.0,9,63.0
19815.0,5,67.0
19820.0,3,59.0
19825.0,8,87.0
19830.0,9,103.0
19835.0,7,77.0
19840.0,5,65.0
19845.0,3,58.0
19850.0,7,76.0
19855.0,7,90.0
19860.0,4,72.0
19865.0,1,35.0
19870.0,1,31.0
19875.0,5,49.0
19880.0,10,68.0
19885.0,8,73.0
19890.0,6,92.0
19895.0,8,111.0
19900.0,8,128.0
19905.0,5,105.0
19910.0,4,66.0
19915.0,2,70.0
19920.0,8,98.0
19925.0,8,112.0
19930.0,8,99.0
19935.0,6,117.0
19940.0,8,156.0
19945.0,8,164.0
19950.0,5,132.0
19955.0,4,83.0
19960.0,3,69.0
19965.0,0,52.0
19970.0,5,67.0
19975.0,6,78.0
19980.0,4,59.0
19985.0,1,37.0
19990.0,1,26.0
19995.0,2,10.0
20000.0,6,33.0
20005.0,12,81.0
