,step,total_stopped
0,305.0,56
1,310.0,99
2,315.0,74
3,320.0,87
4,325.0,108
5,330.0,100
6,335.0,94
7,340.0,105
8,345.0,89
9,350.0,75
10,355.0,98
11,360.0,96
12,365.0,102
13,370.0,111
14,375.0,88
15,380.0,70
16,385.0,67
17,390.0,75
18,395.0,79
19,400.0,105
20,405.0,93
21,410.0,75
22,415.0,101
23,420.0,109
24,425.0,103
25,430.0,86
26,435.0,70
27,440.0,73
28,445.0,92
29,450.0,94
30,455.0,106
31,460.0,104
32,465.0,83
33,470.0,70
34,475.0,83
35,480.0,82
36,485.0,113
37,490.0,112
38,495.0,91
39,500.0,88
40,505.0,85
41,510.0,80
42,515.0,97
43,520.0,111
44,525.0,83
45,530.0,55
46,535.0,80
47,540.0,85
48,545.0,83
49,550.0,89
50,555.0,92
51,560.0,106
52,565.0,120
53,570.0,126
54,575.0,128
55,580.0,123
56,585.0,99
57,590.0,95
58,595.0,114
59,600.0,100
60,605.0,112
61,610.0,137
62,615.0,144
63,620.0,121
64,625.0,104
65,630.0,78
66,635.0,108
67,640.0,124
68,645.0,122
69,650.0,117
70,655.0,123
71,660.0,126
72,665.0,126
73,670.0,143
74,675.0,125
75,680.0,119
76,685.0,115
77,690.0,88
78,695.0,94
79,700.0,119
80,705.0,115
81,710.0,95
82,715.0,111
83,720.0,113
84,725.0,103
85,730.0,86
86,735.0,78
87,740.0,78
88,745.0,101
89,750.0,104
90,755.0,107
91,760.0,104
92,765.0,96
93,770.0,103
94,775.0,105
95,780.0,108
96,785.0,136
97,790.0,136
98,795.0,111
99,800.0,116
100,805.0,134
101,810.0,111
102,815.0,88
103,820.0,96
104,825.0,97
105,830.0,100
106,835.0,85
107,840.0,67
108,845.0,90
109,850.0,120
110,855.0,125
111,860.0,113
112,865.0,100
113,870.0,82
114,875.0,74
115,880.0,92
116,885.0,93
117,890.0,109
118,895.0,112
119,900.0,102
120,905.0,98
121,910.0,112
122,915.0,94
123,920.0,87
124,925.0,101
125,930.0,88
126,935.0,95
127,940.0,108
128,945.0,98
129,950.0,104
130,955.0,127
131,960.0,131
132,965.0,118
133,970.0,108
134,975.0,85
135,980.0,63
136,985.0,75
137,990.0,85
138,995.0,95
139,1000.0,100
140,1005.0,109
141,1010.0,112
142,1015.0,105
143,1020.0,86
144,1025.0,93
145,1030.0,110
146,1035.0,77
147,1040.0,77
148,1045.0,82
149,1050.0,81
150,1055.0,102
151,1060.0,101
152,1065.0,91
153,1070.0,82
154,1075.0,101
155,1080.0,90
156,1085.0,81
157,1090.0,97
158,1095.0,96
159,1100.0,116
160,1105.0,94
161,1110.0,59
162,1115.0,58
163,1120.0,80
164,1125.0,88
165,1130.0,75
166,1135.0,107
167,1140.0,123
168,1145.0,78
169,1150.0,98
170,1155.0,81
171,1160.0,63
172,1165.0,64
173,1170.0,72
174,1175.0,95
175,1180.0,116
176,1185.0,103
177,1190.0,83
178,1195.0,81
179,1200.0,66
180,1205.0,66
181,1210.0,101
182,1215.0,112
183,1220.0,99
184,1225.0,105
185,1230.0,92
186,1235.0,97
187,1240.0,100
188,1245.0,89
189,1250.0,76
190,1255.0,96
191,1260.0,105
192,1265.0,108
193,1270.0,113
194,1275.0,109
195,1280.0,90
196,1285.0,85
197,1290.0,81
198,1295.0,65
199,1300.0,94
200,1305.0,95
201,1310.0,106
202,1315.0,108
203,1320.0,87
204,1325.0,88
205,1330.0,86
206,1335.0,77
207,1340.0,86
208,1345.0,97
209,1350.0,82
210,1355.0,72
211,1360.0,108
212,1365.0,118
213,1370.0,110
214,1375.0,110
215,1380.0,90
216,1385.0,77
217,1390.0,84
218,1395.0,74
219,1400.0,86
220,1405.0,79
221,1410.0,69
222,1415.0,86
223,1420.0,110
224,1425.0,93
225,1430.0,82
226,1435.0,93
227,1440.0,84
228,1445.0,92
229,1450.0,103
230,1455.0,79
231,1460.0,81
232,1465.0,66
233,1470.0,67
234,1475.0,71
235,1480.0,75
236,1485.0,76
237,1490.0,117
238,1495.0,90
239,1500.0,82
240,1505.0,77
241,1510.0,89
242,1515.0,89
243,1520.0,94
244,1525.0,100
245,1530.0,70
246,1535.0,80
247,1540.0,98
248,1545.0,84
249,1550.0,99
250,1555.0,105
251,1560.0,76
252,1565.0,73
253,1570.0,86
254,1575.0,94
255,1580.0,99
256,1585.0,105
257,1590.0,84
258,1595.0,79
259,1600.0,96
260,1605.0,91
261,1610.0,94
262,1615.0,96
263,1620.0,103
264,1625.0,99
265,1630.0,101
266,1635.0,95
267,1640.0,79
268,1645.0,76
269,1650.0,64
270,1655.0,85
271,1660.0,99
272,1665.0,104
273,1670.0,94
274,1675.0,88
275,1680.0,74
276,1685.0,83
277,1690.0,117
278,1695.0,118
279,1700.0,132
280,1705.0,114
281,1710.0,78
282,1715.0,71
283,1720.0,64
284,1725.0,78
285,1730.0,96
286,1735.0,106
287,1740.0,108
288,1745.0,104
289,1750.0,103
290,1755.0,92
291,1760.0,89
292,1765.0,106
293,1770.0,65
294,1775.0,65
295,1780.0,86
296,1785.0,80
297,1790.0,95
298,1795.0,97
299,1800.0,80
300,1805.0,76
301,1810.0,67
302,1815.0,76
303,1820.0,85
304,1825.0,110
305,1830.0,117
306,1835.0,115
307,1840.0,110
308,1845.0,88
309,1850.0,78
310,1855.0,77
311,1860.0,85
312,1865.0,112
313,1870.0,119
314,1875.0,115
315,1880.0,101
316,1885.0,88
317,1890.0,78
318,1895.0,84
319,1900.0,97
320,1905.0,62
321,1910.0,82
322,1915.0,115
323,1920.0,105
324,1925.0,110
325,1930.0,111
326,1935.0,94
327,1940.0,101
328,1945.0,80
329,1950.0,77
330,1955.0,93
331,1960.0,99
332,1965.0,102
333,1970.0,83
334,1975.0,113
335,1980.0,110
336,1985.0,94
337,1990.0,100
338,1995.0,93
339,2000.0,65
340,2005.0,84
341,2010.0,96
342,2015.0,113
343,2020.0,105
344,2025.0,84
345,2030.0,88
346,2035.0,86
347,2040.0,95
348,2045.0,107
349,2050.0,102
350,2055.0,99
351,2060.0,79
352,2065.0,85
353,2070.0,83
354,2075.0,86
355,2080.0,107
356,2085.0,116
357,2090.0,100
358,2095.0,82
359,2100.0,77
360,2105.0,87
361,2110.0,86
362,2115.0,68
363,2120.0,91
364,2125.0,106
365,2130.0,96
366,2135.0,92
367,2140.0,100
368,2145.0,79
369,2150.0,91
370,2155.0,121
371,2160.0,128
372,2165.0,126
373,2170.0,119
374,2175.0,85
375,2180.0,66
376,2185.0,66
377,2190.0,93
378,2195.0,122
379,2200.0,125
380,2205.0,119
381,2210.0,118
382,2215.0,97
383,2220.0,87
384,2225.0,88
385,2230.0,105
386,2235.0,103
387,2240.0,82
388,2245.0,65
389,2250.0,69
390,2255.0,92
391,2260.0,113
392,2265.0,111
393,2270.0,91
394,2275.0,89
395,2280.0,87
396,2285.0,101
397,2290.0,89
398,2295.0,77
399,2300.0,89
400,2305.0,79
401,2310.0,104
402,2315.0,103
403,2320.0,94
404,2325.0,69
405,2330.0,77
406,2335.0,81
407,2340.0,98
408,2345.0,117
409,2350.0,110
410,2355.0,97
411,2360.0,87
412,2365.0,100
413,2370.0,85
414,2375.0,82
415,2380.0,101
416,2385.0,88
417,2390.0,95
418,2395.0,101
419,2400.0,84
420,2405.0,73
421,2410.0,70
422,2415.0,72
423,2420.0,93
424,2425.0,115
425,2430.0,107
426,2435.0,116
427,2440.0,105
428,2445.0,99
429,2450.0,98
430,2455.0,94
431,2460.0,70
432,2465.0,70
433,2470.0,80
434,2475.0,78
435,2480.0,89
436,2485.0,93
437,2490.0,81
438,2495.0,97
439,2500.0,110
440,2505.0,87
441,2510.0,71
442,2515.0,72
443,2520.0,68
444,2525.0,68
445,2530.0,99
446,2535.0,99
447,2540.0,76
448,2545.0,75
449,2550.0,59
450,2555.0,53
451,2560.0,76
452,2565.0,77
453,2570.0,75
454,2575.0,72
455,2580.0,60
456,2585.0,63
457,2590.0,79
458,2595.0,78
459,2600.0,72
460,2605.0,67
461,2610.0,55
462,2615.0,61
463,2620.0,93
464,2625.0,98
465,2630.0,91
466,2635.0,88
467,2640.0,70
468,2645.0,76
469,2650.0,107
470,2655.0,98
471,2660.0,85
472,2665.0,74
473,2670.0,69
474,2675.0,81
475,2680.0,91
476,2685.0,74
477,2690.0,60
478,2695.0,95
479,2700.0,93
480,2705.0,73
481,2710.0,88
482,2715.0,69
483,2720.0,65
484,2725.0,78
485,2730.0,59
486,2735.0,61
487,2740.0,83
488,2745.0,77
489,2750.0,87
490,2755.0,118
491,2760.0,90
492,2765.0,44
493,2770.0,61
494,2775.0,76
495,2780.0,77
496,2785.0,82
497,2790.0,81
498,2795.0,52
499,2800.0,52
500,2805.0,67
501,2810.0,76
502,2815.0,93
503,2820.0,98
504,2825.0,79
505,2830.0,80
506,2835.0,73
507,2840.0,49
508,2845.0,85
509,2850.0,95
510,2855.0,76
511,2860.0,91
512,2865.0,93
513,2870.0,82
514,2875.0,111
515,2880.0,105
516,2885.0,72
517,2890.0,73
518,2895.0,60
519,2900.0,81
520,2905.0,100
521,2910.0,72
522,2915.0,76
523,2920.0,88
524,2925.0,68
525,2930.0,79
526,2935.0,106
527,2940.0,95
528,2945.0,73
529,2950.0,77
530,2955.0,58
531,2960.0,55
532,2965.0,70
533,2970.0,65
534,2975.0,73
535,2980.0,73
536,2985.0,66
537,2990.0,84
538,2995.0,88
539,3000.0,81
540,3005.0,93
541,3010.0,105
542,3015.0,86
543,3020.0,73
544,3025.0,100
545,3030.0,96
546,3035.0,92
547,3040.0,86
548,3045.0,74
549,3050.0,78
550,3055.0,98
551,3060.0,93
552,3065.0,100
553,3070.0,97
554,3075.0,79
555,3080.0,69
556,3085.0,82
557,3090.0,79
558,3095.0,82
559,3100.0,72
560,3105.0,70
561,3110.0,89
562,3115.0,97
563,3120.0,81
564,3125.0,89
565,3130.0,91
566,3135.0,57
567,3140.0,61
568,3145.0,83
569,3150.0,85
570,3155.0,94
571,3160.0,83
572,3165.0,75
573,3170.0,78
574,3175.0,81
575,3180.0,68
576,3185.0,65
577,3190.0,67
578,3195.0,64
579,3200.0,90
580,3205.0,86
581,3210.0,89
582,3215.0,79
583,3220.0,68
584,3225.0,55
585,3230.0,77
586,3235.0,73
587,3240.0,61
588,3245.0,69
589,3250.0,44
590,3255.0,70
591,3260.0,79
592,3265.0,84
593,3270.0,69
594,3275.0,71
595,3280.0,64
596,3285.0,65
597,3290.0,76
598,3295.0,78
599,3300.0,53
600,3305.0,69
601,3310.0,65
602,3315.0,66
603,3320.0,79
604,3325.0,107
605,3330.0,91
606,3335.0,71
607,3340.0,47
608,3345.0,47
609,3350.0,74
610,3355.0,76
611,3360.0,64
612,3365.0,80
613,3370.0,86
614,3375.0,77
615,3380.0,67
616,3385.0,74
617,3390.0,54
618,3395.0,74
619,3400.0,82
620,3405.0,70
621,3410.0,88
622,3415.0,92
623,3420.0,88
624,3425.0,100
625,3430.0,100
626,3435.0,84
627,3440.0,94
628,3445.0,100
629,3450.0,95
630,3455.0,88
631,3460.0,78
632,3465.0,77
633,3470.0,81
634,3475.0,98
635,3480.0,99
636,3485.0,71
637,3490.0,84
638,3495.0,91
639,3500.0,89
640,3505.0,92
641,3510.0,95
642,3515.0,100
643,3520.0,92
644,3525.0,92
645,3530.0,69
646,3535.0,73
647,3540.0,79
648,3545.0,94
649,3550.0,94
650,3555.0,82
651,3560.0,92
652,3565.0,99
653,3570.0,111
654,3575.0,88
655,3580.0,93
656,3585.0,78
657,3590.0,78
658,3595.0,104
659,3600.0,94
660,3605.0,79
661,3610.0,71
662,3615.0,90
663,3620.0,75
664,3625.0,81
665,3630.0,76
666,3635.0,84
667,3640.0,81
668,3645.0,63
669,3650.0,76
670,3655.0,92
671,3660.0,74
672,3665.0,72
673,3670.0,77
674,3675.0,73
675,3680.0,81
676,3685.0,92
677,3690.0,88
678,3695.0,79
679,3700.0,83
680,3705.0,74
681,3710.0,75
682,3715.0,81
683,3720.0,56
684,3725.0,74
685,3730.0,84
686,3735.0,84
687,3740.0,71
688,3745.0,67
689,3750.0,76
690,3755.0,87
691,3760.0,91
692,3765.0,68
693,3770.0,53
694,3775.0,47
695,3780.0,60
696,3785.0,71
697,3790.0,72
698,3795.0,70
699,3800.0,67
700,3805.0,71
701,3810.0,70
702,3815.0,60
703,3820.0,58
704,3825.0,76
705,3830.0,82
706,3835.0,72
707,3840.0,68
708,3845.0,60
709,3850.0,69
710,3855.0,72
711,3860.0,67
712,3865.0,69
713,3870.0,62
714,3875.0,63
715,3880.0,61
716,3885.0,65
717,3890.0,68
718,3895.0,65
719,3900.0,58
720,3905.0,61
721,3910.0,80
722,3915.0,64
723,3920.0,66
724,3925.0,100
725,3930.0,77
726,3935.0,65
727,3940.0,84
728,3945.0,73
729,3950.0,75
730,3955.0,87
731,3960.0,78
732,3965.0,64
733,3970.0,88
734,3975.0,80
735,3980.0,66
736,3985.0,87
737,3990.0,103
738,3995.0,88
739,4000.0,87
740,4005.0,76
741,4010.0,58
742,4015.0,81
743,4020.0,80
744,4025.0,65
745,4030.0,95
746,4035.0,104
747,4040.0,84
748,4045.0,82
749,4050.0,78
750,4055.0,76
751,4060.0,102
752,4065.0,93
753,4070.0,85
754,4075.0,68
755,4080.0,75
756,4085.0,81
757,4090.0,100
758,4095.0,85
759,4100.0,72
760,4105.0,78
761,4110.0,68
762,4115.0,78
763,4120.0,88
764,4125.0,94
765,4130.0,73
766,4135.0,67
767,4140.0,70
768,4145.0,66
769,4150.0,68
770,4155.0,69
771,4160.0,59
772,4165.0,60
773,4170.0,68
774,4175.0,51
775,4180.0,81
776,4185.0,78
777,4190.0,69
778,4195.0,75
779,4200.0,70
780,4205.0,53
781,4210.0,73
782,4215.0,78
783,4220.0,55
784,4225.0,65
785,4230.0,62
786,4235.0,49
787,4240.0,91
788,4245.0,111
789,4250.0,81
790,4255.0,73
791,4260.0,72
792,4265.0,66
793,4270.0,73
794,4275.0,90
795,4280.0,73
796,4285.0,93
797,4290.0,95
798,4295.0,95
799,4300.0,91
800,4305.0,80
801,4310.0,61
802,4315.0,78
803,4320.0,97
804,4325.0,88
805,4330.0,84
806,4335.0,68
807,4340.0,58
808,4345.0,66
809,4350.0,55
810,4355.0,65
811,4360.0,93
812,4365.0,86
813,4370.0,65
814,4375.0,71
815,4380.0,56
816,4385.0,72
817,4390.0,74
818,4395.0,63
819,4400.0,83
820,4405.0,108
821,4410.0,73
822,4415.0,63
823,4420.0,66
824,4425.0,41
825,4430.0,64
826,4435.0,73
827,4440.0,72
828,4445.0,98
829,4450.0,114
830,4455.0,76
831,4460.0,69
832,4465.0,80
833,4470.0,49
834,4475.0,57
835,4480.0,72
836,4485.0,49
837,4490.0,53
838,4495.0,88
839,4500.0,62
840,4505.0,48
841,4510.0,77
842,4515.0,58
843,4520.0,73
844,4525.0,83
845,4530.0,46
846,4535.0,50
847,4540.0,86
848,4545.0,61
849,4550.0,64
850,4555.0,77
851,4560.0,75
852,4565.0,77
853,4570.0,81
854,4575.0,70
855,4580.0,76
856,4585.0,70
857,4590.0,57
858,4595.0,62
859,4600.0,88
860,4605.0,78
861,4610.0,88
862,4615.0,81
863,4620.0,76
864,4625.0,75
865,4630.0,78
866,4635.0,68
867,4640.0,51
868,4645.0,80
869,4650.0,76
870,4655.0,62
871,4660.0,84
872,4665.0,73
873,4670.0,66
874,4675.0,84
875,4680.0,56
876,4685.0,66
877,4690.0,89
878,4695.0,74
879,4700.0,71
880,4705.0,74
881,4710.0,73
882,4715.0,70
883,4720.0,62
884,4725.0,54
885,4730.0,65
886,4735.0,74
887,4740.0,68
888,4745.0,79
889,4750.0,72
890,4755.0,65
891,4760.0,84
892,4765.0,84
893,4770.0,69
894,4775.0,67
895,4780.0,76
896,4785.0,65
897,4790.0,67
898,4795.0,70
899,4800.0,67
900,4805.0,85
901,4810.0,71
902,4815.0,61
903,4820.0,67
904,4825.0,89
905,4830.0,91
906,4835.0,77
907,4840.0,70
908,4845.0,56
909,4850.0,51
910,4855.0,56
911,4860.0,67
912,4865.0,69
913,4870.0,87
914,4875.0,89
915,4880.0,91
916,4885.0,77
917,4890.0,57
918,4895.0,59
919,4900.0,61
920,4905.0,66
921,4910.0,81
922,4915.0,94
923,4920.0,82
924,4925.0,80
925,4930.0,72
926,4935.0,69
927,4940.0,92
928,4945.0,93
929,4950.0,68
930,4955.0,67
931,4960.0,76
932,4965.0,78
933,4970.0,73
934,4975.0,70
935,4980.0,70
936,4985.0,74
937,4990.0,77
938,4995.0,64
939,5000.0,71
940,5005.0,76
941,5010.0,59
942,5015.0,68
943,5020.0,59
944,5025.0,42
945,5030.0,63
946,5035.0,73
947,5040.0,70
948,5045.0,70
949,5050.0,68
950,5055.0,51
951,5060.0,59
952,5065.0,57
953,5070.0,67
954,5075.0,66
955,5080.0,61
956,5085.0,76
957,5090.0,62
958,5095.0,61
959,5100.0,64
960,5105.0,67
961,5110.0,66
962,5115.0,55
963,5120.0,65
964,5125.0,88
965,5130.0,64
966,5135.0,65
967,5140.0,62
968,5145.0,64
969,5150.0,76
970,5155.0,79
971,5160.0,58
972,5165.0,58
973,5170.0,71
974,5175.0,57
975,5180.0,70
976,5185.0,72
977,5190.0,62
978,5195.0,77
979,5200.0,86
980,5205.0,73
981,5210.0,50
982,5215.0,72
983,5220.0,82
984,5225.0,79
985,5230.0,61
986,5235.0,54
987,5240.0,58
988,5245.0,63
989,5250.0,60
990,5255.0,58
991,5260.0,65
992,5265.0,62
993,5270.0,64
994,5275.0,63
995,5280.0,81
996,5285.0,81
997,5290.0,66
998,5295.0,60
999,5300.0,56
1000,5305.0,68
1001,5310.0,63
1002,5315.0,74
1003,5320.0,64
1004,5325.0,53
1005,5330.0,72
1006,5335.0,68
1007,5340.0,60
1008,5345.0,75
1009,5350.0,83
1010,5355.0,73
1011,5360.0,70
1012,5365.0,58
1013,5370.0,67
1014,5375.0,78
1015,5380.0,88
1016,5385.0,73
1017,5390.0,66
1018,5395.0,69
1019,5400.0,60
1020,5405.0,56
1021,5410.0,79
1022,5415.0,77
1023,5420.0,77
1024,5425.0,85
1025,5430.0,64
1026,5435.0,74
1027,5440.0,85
1028,5445.0,63
1029,5450.0,63
1030,5455.0,83
1031,5460.0,72
1032,5465.0,48
1033,5470.0,66
1034,5475.0,73
1035,5480.0,86
1036,5485.0,102
1037,5490.0,72
1038,5495.0,59
1039,5500.0,77
1040,5505.0,50
1041,5510.0,53
1042,5515.0,63
1043,5520.0,66
1044,5525.0,90
1045,5530.0,93
1046,5535.0,57
1047,5540.0,52
1048,5545.0,54
1049,5550.0,74
1050,5555.0,87
1051,5560.0,74
1052,5565.0,61
1053,5570.0,66
1054,5575.0,75
1055,5580.0,72
1056,5585.0,68
1057,5590.0,62
1058,5595.0,70
1059,5600.0,70
1060,5605.0,70
1061,5610.0,67
1062,5615.0,58
1063,5620.0,61
1064,5625.0,79
1065,5630.0,59
1066,5635.0,53
1067,5640.0,55
1068,5645.0,53
1069,5650.0,58
1070,5655.0,67
1071,5660.0,71
1072,5665.0,61
1073,5670.0,57
1074,5675.0,56
1075,5680.0,72
1076,5685.0,68
1077,5690.0,58
1078,5695.0,68
1079,5700.0,70
1080,5705.0,64
1081,5710.0,67
1082,5715.0,51
1083,5720.0,44
1084,5725.0,65
1085,5730.0,84
1086,5735.0,88
1087,5740.0,77
1088,5745.0,67
1089,5750.0,50
1090,5755.0,62
1091,5760.0,70
1092,5765.0,68
1093,5770.0,72
1094,5775.0,71
1095,5780.0,72
1096,5785.0,80
1097,5790.0,66
1098,5795.0,46
1099,5800.0,53
1100,5805.0,61
1101,5810.0,69
1102,5815.0,93
1103,5820.0,81
1104,5825.0,61
1105,5830.0,78
1106,5835.0,70
1107,5840.0,67
1108,5845.0,70
1109,5850.0,50
1110,5855.0,59
1111,5860.0,74
1112,5865.0,83
1113,5870.0,82
1114,5875.0,61
1115,5880.0,50
1116,5885.0,74
1117,5890.0,85
1118,5895.0,72
1119,5900.0,61
1120,5905.0,59
1121,5910.0,47
1122,5915.0,61
1123,5920.0,90
1124,5925.0,77
1125,5930.0,67
1126,5935.0,80
1127,5940.0,60
1128,5945.0,66
1129,5950.0,79
1130,5955.0,77
1131,5960.0,75
1132,5965.0,97
1133,5970.0,88
1134,5975.0,70
1135,5980.0,62
1136,5985.0,63
1137,5990.0,52
1138,5995.0,92
1139,6000.0,87
1140,6005.0,71
1141,6010.0,72
1142,6015.0,71
1143,6020.0,80
1144,6025.0,98
1145,6030.0,74
1146,6035.0,47
1147,6040.0,80
1148,6045.0,75
1149,6050.0,49
1150,6055.0,79
1151,6060.0,72
1152,6065.0,67
1153,6070.0,81
1154,6075.0,67
1155,6080.0,87
1156,6085.0,84
1157,6090.0,74
1158,6095.0,70
1159,6100.0,67
1160,6105.0,60
1161,6110.0,85
1162,6115.0,87
1163,6120.0,71
1164,6125.0,65
1165,6130.0,61
1166,6135.0,51
1167,6140.0,70
1168,6145.0,76
1169,6150.0,69
1170,6155.0,57
1171,6160.0,81
1172,6165.0,68
1173,6170.0,71
1174,6175.0,66
1175,6180.0,67
1176,6185.0,88
1177,6190.0,79
1178,6195.0,51
1179,6200.0,65
1180,6205.0,74
1181,6210.0,74
1182,6215.0,68
1183,6220.0,61
1184,6225.0,63
1185,6230.0,74
1186,6235.0,71
1187,6240.0,74
1188,6245.0,72
1189,6250.0,84
1190,6255.0,58
1191,6260.0,65
1192,6265.0,82
1193,6270.0,69
1194,6275.0,59
1195,6280.0,53
1196,6285.0,51
1197,6290.0,49
1198,6295.0,69
1199,6300.0,65
1200,6305.0,62
1201,6310.0,72
1202,6315.0,58
1203,6320.0,51
1204,6325.0,78
1205,6330.0,74
1206,6335.0,62
1207,6340.0,72
1208,6345.0,73
1209,6350.0,80
1210,6355.0,59
1211,6360.0,63
1212,6365.0,69
1213,6370.0,87
1214,6375.0,75
1215,6380.0,54
1216,6385.0,63
1217,6390.0,66
1218,6395.0,56
1219,6400.0,75
1220,6405.0,81
1221,6410.0,59
1222,6415.0,60
1223,6420.0,61
1224,6425.0,52
1225,6430.0,74
1226,6435.0,69
1227,6440.0,71
1228,6445.0,68
1229,6450.0,69
1230,6455.0,60
1231,6460.0,62
1232,6465.0,84
1233,6470.0,90
1234,6475.0,78
1235,6480.0,46
1236,6485.0,43
1237,6490.0,58
1238,6495.0,46
1239,6500.0,56
1240,6505.0,72
1241,6510.0,65
1242,6515.0,58
1243,6520.0,61
1244,6525.0,57
1245,6530.0,48
1246,6535.0,73
1247,6540.0,55
1248,6545.0,44
1249,6550.0,65
1250,6555.0,68
1251,6560.0,56
1252,6565.0,74
1253,6570.0,82
1254,6575.0,66
1255,6580.0,66
1256,6585.0,54
1257,6590.0,50
1258,6595.0,69
1259,6600.0,53
1260,6605.0,51
1261,6610.0,54
1262,6615.0,56
1263,6620.0,63
1264,6625.0,55
1265,6630.0,60
1266,6635.0,73
1267,6640.0,80
1268,6645.0,71
1269,6650.0,79
1270,6655.0,81
1271,6660.0,58
1272,6665.0,51
1273,6670.0,72
1274,6675.0,64
1275,6680.0,62
1276,6685.0,69
1277,6690.0,57
1278,6695.0,54
1279,6700.0,72
1280,6705.0,49
1281,6710.0,63
1282,6715.0,68
1283,6720.0,52
1284,6725.0,68
1285,6730.0,70
1286,6735.0,52
1287,6740.0,59
1288,6745.0,75
1289,6750.0,41
1290,6755.0,40
1291,6760.0,64
1292,6765.0,59
1293,6770.0,67
1294,6775.0,81
1295,6780.0,50
1296,6785.0,58
1297,6790.0,65
1298,6795.0,50
1299,6800.0,63
1300,6805.0,69
1301,6810.0,46
1302,6815.0,57
1303,6820.0,75
1304,6825.0,47
1305,6830.0,45
1306,6835.0,76
1307,6840.0,57
1308,6845.0,45
1309,6850.0,61
1310,6855.0,51
1311,6860.0,49
1312,6865.0,62
1313,6870.0,42
1314,6875.0,32
1315,6880.0,40
1316,6885.0,37
1317,6890.0,51
1318,6895.0,68
1319,6900.0,54
1320,6905.0,50
1321,6910.0,60
1322,6915.0,50
1323,6920.0,51
1324,6925.0,52
1325,6930.0,33
1326,6935.0,42
1327,6940.0,54
1328,6945.0,62
1329,6950.0,60
1330,6955.0,72
1331,6960.0,74
1332,6965.0,52
1333,6970.0,74
1334,6975.0,71
1335,6980.0,75
1336,6985.0,75
1337,6990.0,58
1338,6995.0,63
1339,7000.0,70
1340,7005.0,50
1341,7010.0,61
1342,7015.0,70
1343,7020.0,60
1344,7025.0,70
1345,7030.0,73
1346,7035.0,56
1347,7040.0,65
1348,7045.0,69
1349,7050.0,44
1350,7055.0,53
1351,7060.0,65
1352,7065.0,51
1353,7070.0,64
1354,7075.0,77
1355,7080.0,55
1356,7085.0,67
1357,7090.0,73
1358,7095.0,63
1359,7100.0,68
1360,7105.0,58
1361,7110.0,49
1362,7115.0,48
1363,7120.0,77
1364,7125.0,65
1365,7130.0,75
1366,7135.0,65
1367,7140.0,62
1368,7145.0,79
1369,7150.0,79
1370,7155.0,67
1371,7160.0,60
1372,7165.0,59
1373,7170.0,56
1374,7175.0,57
1375,7180.0,57
1376,7185.0,55
1377,7190.0,54
1378,7195.0,70
1379,7200.0,64
1380,7205.0,57
1381,7210.0,61
1382,7215.0,44
1383,7220.0,48
1384,7225.0,57
1385,7230.0,42
1386,7235.0,44
1387,7240.0,51
1388,7245.0,40
1389,7250.0,43
1390,7255.0,63
1391,7260.0,51
1392,7265.0,52
1393,7270.0,73
1394,7275.0,60
1395,7280.0,47
1396,7285.0,49
1397,7290.0,48
1398,7295.0,51
1399,7300.0,67
1400,7305.0,42
1401,7310.0,50
1402,7315.0,64
1403,7320.0,45
1404,7325.0,51
1405,7330.0,72
1406,7335.0,60
1407,7340.0,57
1408,7345.0,59
1409,7350.0,42
1410,7355.0,67
1411,7360.0,73
1412,7365.0,52
1413,7370.0,55
1414,7375.0,63
1415,7380.0,52
1416,7385.0,53
1417,7390.0,76
1418,7395.0,54
1419,7400.0,60
1420,7405.0,62
1421,7410.0,45
1422,7415.0,61
1423,7420.0,64
1424,7425.0,51
1425,7430.0,71
1426,7435.0,86
1427,7440.0,59
1428,7445.0,70
1429,7450.0,88
1430,7455.0,67
1431,7460.0,50
1432,7465.0,75
1433,7470.0,73
1434,7475.0,71
1435,7480.0,89
1436,7485.0,67
1437,7490.0,70
1438,7495.0,75
1439,7500.0,51
1440,7505.0,54
1441,7510.0,61
1442,7515.0,63
1443,7520.0,57
1444,7525.0,58
1445,7530.0,55
1446,7535.0,56
1447,7540.0,53
1448,7545.0,45
1449,7550.0,46
1450,7555.0,56
1451,7560.0,65
1452,7565.0,61
1453,7570.0,65
1454,7575.0,52
1455,7580.0,48
1456,7585.0,63
1457,7590.0,42
1458,7595.0,43
1459,7600.0,58
1460,7605.0,59
1461,7610.0,55
1462,7615.0,61
1463,7620.0,56
1464,7625.0,50
1465,7630.0,52
1466,7635.0,45
1467,7640.0,52
1468,7645.0,68
1469,7650.0,65
1470,7655.0,69
1471,7660.0,68
1472,7665.0,53
1473,7670.0,58
1474,7675.0,77
1475,7680.0,71
1476,7685.0,65
1477,7690.0,62
1478,7695.0,42
1479,7700.0,42
1480,7705.0,67
1481,7710.0,66
1482,7715.0,82
1483,7720.0,89
1484,7725.0,53
1485,7730.0,41
1486,7735.0,58
1487,7740.0,64
1488,7745.0,66
1489,7750.0,86
1490,7755.0,76
1491,7760.0,53
1492,7765.0,63
1493,7770.0,66
1494,7775.0,62
1495,7780.0,71
1496,7785.0,63
1497,7790.0,51
1498,7795.0,65
1499,7800.0,66
1500,7805.0,52
1501,7810.0,56
1502,7815.0,60
1503,7820.0,55
1504,7825.0,74
1505,7830.0,75
1506,7835.0,57
1507,7840.0,49
1508,7845.0,47
1509,7850.0,42
1510,7855.0,56
1511,7860.0,60
1512,7865.0,41
1513,7870.0,76
1514,7875.0,57
1515,7880.0,40
1516,7885.0,58
1517,7890.0,56
1518,7895.0,51
1519,7900.0,66
1520,7905.0,56
1521,7910.0,57
1522,7915.0,71
1523,7920.0,56
1524,7925.0,65
1525,7930.0,63
1526,7935.0,55
1527,7940.0,48
1528,7945.0,63
1529,7950.0,55
1530,7955.0,50
1531,7960.0,65
1532,7965.0,43
1533,7970.0,42
1534,7975.0,69
1535,7980.0,72
1536,7985.0,66
1537,7990.0,76
1538,7995.0,56
1539,8000.0,46
1540,8005.0,75
1541,8010.0,63
1542,8015.0,73
1543,8020.0,81
1544,8025.0,69
1545,8030.0,66
1546,8035.0,73
1547,8040.0,81
1548,8045.0,79
1549,8050.0,88
1550,8055.0,69
1551,8060.0,49
1552,8065.0,68
1553,8070.0,83
1554,8075.0,76
1555,8080.0,65
1556,8085.0,49
1557,8090.0,44
1558,8095.0,67
1559,8100.0,71
1560,8105.0,74
1561,8110.0,70
1562,8115.0,64
1563,8120.0,63
1564,8125.0,68
1565,8130.0,55
1566,8135.0,47
1567,8140.0,55
1568,8145.0,69
1569,8150.0,66
1570,8155.0,73
1571,8160.0,80
1572,8165.0,66
1573,8170.0,63
1574,8175.0,46
1575,8180.0,52
1576,8185.0,63
1577,8190.0,50
1578,8195.0,60
1579,8200.0,68
1580,8205.0,50
1581,8210.0,65
1582,8215.0,90
1583,8220.0,75
1584,8225.0,49
1585,8230.0,51
1586,8235.0,59
1587,8240.0,41
1588,8245.0,68
1589,8250.0,80
1590,8255.0,72
1591,8260.0,71
1592,8265.0,51
1593,8270.0,58
1594,8275.0,67
1595,8280.0,42
1596,8285.0,59
1597,8290.0,74
1598,8295.0,51
1599,8300.0,45
1600,8305.0,67
1601,8310.0,50
1602,8315.0,59
1603,8320.0,73
1604,8325.0,42
1605,8330.0,58
1606,8335.0,87
1607,8340.0,81
1608,8345.0,63
1609,8350.0,74
1610,8355.0,56
1611,8360.0,61
1612,8365.0,70
1613,8370.0,50
1614,8375.0,72
1615,8380.0,82
1616,8385.0,69
1617,8390.0,74
1618,8395.0,89
1619,8400.0,61
1620,8405.0,65
1621,8410.0,97
1622,8415.0,66
1623,8420.0,48
1624,8425.0,62
1625,8430.0,57
1626,8435.0,54
1627,8440.0,84
1628,8445.0,63
1629,8450.0,48
1630,8455.0,57
1631,8460.0,53
1632,8465.0,69
1633,8470.0,73
1634,8475.0,64
1635,8480.0,61
1636,8485.0,65
1637,8490.0,59
1638,8495.0,65
1639,8500.0,92
1640,8505.0,80
1641,8510.0,64
1642,8515.0,66
1643,8520.0,50
1644,8525.0,56
1645,8530.0,79
1646,8535.0,68
1647,8540.0,74
1648,8545.0,69
1649,8550.0,51
1650,8555.0,54
1651,8560.0,63
1652,8565.0,63
1653,8570.0,65
1654,8575.0,79
1655,8580.0,67
1656,8585.0,75
1657,8590.0,84
1658,8595.0,62
1659,8600.0,48
1660,8605.0,71
1661,8610.0,51
1662,8615.0,62
1663,8620.0,76
1664,8625.0,44
1665,8630.0,43
1666,8635.0,66
1667,8640.0,36
1668,8645.0,38
1669,8650.0,70
1670,8655.0,52
1671,8660.0,30
1672,8665.0,57
1673,8670.0,54
1674,8675.0,53
1675,8680.0,70
1676,8685.0,57
1677,8690.0,51
1678,8695.0,78
1679,8700.0,62
1680,8705.0,49
1681,8710.0,59
1682,8715.0,44
1683,8720.0,47
1684,8725.0,67
1685,8730.0,48
1686,8735.0,43
1687,8740.0,72
1688,8745.0,50
1689,8750.0,41
1690,8755.0,56
1691,8760.0,40
1692,8765.0,51
1693,8770.0,66
1694,8775.0,38
1695,8780.0,44
1696,8785.0,46
1697,8790.0,40
1698,8795.0,51
1699,8800.0,77
1700,8805.0,60
1701,8810.0,53
1702,8815.0,70
1703,8820.0,54
1704,8825.0,45
1705,8830.0,62
1706,8835.0,55
1707,8840.0,54
1708,8845.0,54
1709,8850.0,47
1710,8855.0,41
1711,8860.0,58
1712,8865.0,42
1713,8870.0,51
1714,8875.0,65
1715,8880.0,43
1716,8885.0,48
1717,8890.0,64
1718,8895.0,56
1719,8900.0,48
1720,8905.0,52
1721,8910.0,45
1722,8915.0,39
1723,8920.0,66
1724,8925.0,49
1725,8930.0,62
1726,8935.0,67
1727,8940.0,52
1728,8945.0,60
1729,8950.0,70
1730,8955.0,48
1731,8960.0,57
1732,8965.0,81
1733,8970.0,66
1734,8975.0,74
1735,8980.0,82
1736,8985.0,62
1737,8990.0,55
1738,8995.0,64
1739,9000.0,63
1740,9005.0,59
1741,9010.0,76
1742,9015.0,63
1743,9020.0,62
1744,9025.0,70
1745,9030.0,54
1746,9035.0,65
1747,9040.0,84
1748,9045.0,68
1749,9050.0,64
1750,9055.0,70
1751,9060.0,66
1752,9065.0,61
1753,9070.0,68
1754,9075.0,58
1755,9080.0,46
1756,9085.0,79
1757,9090.0,65
1758,9095.0,54
1759,9100.0,61
1760,9105.0,55
1761,9110.0,57
1762,9115.0,74
1763,9120.0,69
1764,9125.0,52
1765,9130.0,60
1766,9135.0,61
1767,9140.0,53
1768,9145.0,58
1769,9150.0,65
1770,9155.0,56
1771,9160.0,74
1772,9165.0,69
1773,9170.0,49
1774,9175.0,61
1775,9180.0,73
1776,9185.0,75
1777,9190.0,45
1778,9195.0,52
1779,9200.0,65
1780,9205.0,75
1781,9210.0,84
1782,9215.0,70
1783,9220.0,71
1784,9225.0,59
1785,9230.0,36
1786,9235.0,51
1787,9240.0,72
1788,9245.0,63
1789,9250.0,61
1790,9255.0,53
1791,9260.0,49
1792,9265.0,69
1793,9270.0,67
1794,9275.0,79
1795,9280.0,57
1796,9285.0,35
1797,9290.0,58
1798,9295.0,69
1799,9300.0,63
1800,9305.0,58
1801,9310.0,64
1802,9315.0,85
1803,9320.0,70
1804,9325.0,62
1805,9330.0,56
1806,9335.0,51
1807,9340.0,61
1808,9345.0,62
1809,9350.0,55
1810,9355.0,56
1811,9360.0,36
1812,9365.0,49
1813,9370.0,71
1814,9375.0,59
1815,9380.0,67
1816,9385.0,86
1817,9390.0,64
1818,9395.0,57
1819,9400.0,78
1820,9405.0,53
1821,9410.0,55
1822,9415.0,78
1823,9420.0,57
1824,9425.0,58
1825,9430.0,88
1826,9435.0,61
1827,9440.0,52
1828,9445.0,66
1829,9450.0,48
1830,9455.0,50
1831,9460.0,67
1832,9465.0,59
1833,9470.0,61
1834,9475.0,72
1835,9480.0,67
1836,9485.0,64
1837,9490.0,80
1838,9495.0,60
1839,9500.0,62
1840,9505.0,91
1841,9510.0,58
1842,9515.0,52
1843,9520.0,81
1844,9525.0,79
1845,9530.0,61
1846,9535.0,89
1847,9540.0,81
1848,9545.0,65
1849,9550.0,67
1850,9555.0,55
1851,9560.0,71
1852,9565.0,84
1853,9570.0,48
1854,9575.0,51
1855,9580.0,84
1856,9585.0,74
1857,9590.0,55
1858,9595.0,76
1859,9600.0,66
1860,9605.0,47
1861,9610.0,61
1862,9615.0,66
1863,9620.0,62
1864,9625.0,73
1865,9630.0,52
1866,9635.0,38
1867,9640.0,53
1868,9645.0,74
1869,9650.0,59
1870,9655.0,63
1871,9660.0,62
1872,9665.0,42
1873,9670.0,43
1874,9675.0,51
1875,9680.0,54
1876,9685.0,68
1877,9690.0,52
1878,9695.0,45
1879,9700.0,61
1880,9705.0,43
1881,9710.0,37
1882,9715.0,73
1883,9720.0,75
1884,9725.0,51
1885,9730.0,48
1886,9735.0,49
1887,9740.0,49
1888,9745.0,55
1889,9750.0,51
1890,9755.0,57
1891,9760.0,56
1892,9765.0,48
1893,9770.0,70
1894,9775.0,81
1895,9780.0,53
1896,9785.0,48
1897,9790.0,62
1898,9795.0,68
1899,9800.0,66
1900,9805.0,75
1901,9810.0,64
1902,9815.0,67
1903,9820.0,68
1904,9825.0,49
1905,9830.0,55
1906,9835.0,64
1907,9840.0,54
1908,9845.0,50
1909,9850.0,69
1910,9855.0,46
1911,9860.0,50
1912,9865.0,71
1913,9870.0,66
1914,9875.0,57
1915,9880.0,72
1916,9885.0,68
1917,9890.0,61
1918,9895.0,61
1919,9900.0,42
1920,9905.0,52
1921,9910.0,71
1922,9915.0,58
1923,9920.0,53
1924,9925.0,57
1925,9930.0,46
1926,9935.0,61
1927,9940.0,79
1928,9945.0,66
1929,9950.0,71
1930,9955.0,84
1931,9960.0,76
1932,9965.0,61
1933,9970.0,74
1934,9975.0,42
1935,9980.0,49
1936,9985.0,64
1937,9990.0,65
1938,9995.0,65
1939,10000.0,76
1940,10005.0,72
1941,10010.0,74
1942,10015.0,66
1943,10020.0,56
1944,10025.0,72
1945,10030.0,61
1946,10035.0,69
1947,10040.0,73
1948,10045.0,93
1949,10050.0,90
1950,10055.0,85
1951,10060.0,57
1952,10065.0,66
1953,10070.0,81
1954,10075.0,84
1955,10080.0,79
1956,10085.0,74
1957,10090.0,59
1958,10095.0,40
1959,10100.0,62
1960,10105.0,92
1961,10110.0,88
1962,10115.0,80
1963,10120.0,60
1964,10125.0,48
1965,10130.0,61
1966,10135.0,68
1967,10140.0,52
1968,10145.0,69
1969,10150.0,77
1970,10155.0,86
1971,10160.0,67
1972,10165.0,70
1973,10170.0,82
1974,10175.0,78
1975,10180.0,58
1976,10185.0,69
1977,10190.0,81
1978,10195.0,80
1979,10200.0,73
1980,10205.0,93
1981,10210.0,105
1982,10215.0,113
1983,10220.0,121
1984,10225.0,115
1985,10230.0,100
1986,10235.0,102
1987,10240.0,108
1988,10245.0,109
1989,10250.0,99
1990,10255.0,104
1991,10260.0,91
1992,10265.0,76
1993,10270.0,81
1994,10275.0,90
1995,10280.0,91
1996,10285.0,86
1997,10290.0,81
1998,10295.0,91
1999,10300.0,101
2000,10305.0,122
2001,10310.0,130
2002,10315.0,123
2003,10320.0,119
2004,10325.0,112
2005,10330.0,126
2006,10335.0,124
2007,10340.0,119
2008,10345.0,137
2009,10350.0,139
2010,10355.0,149
2011,10360.0,153
2012,10365.0,153
2013,10370.0,139
2014,10375.0,142
2015,10380.0,160
2016,10385.0,148
2017,10390.0,127
2018,10395.0,121
2019,10400.0,122
2020,10405.0,139
2021,10410.0,161
2022,10415.0,184
2023,10420.0,164
2024,10425.0,154
2025,10430.0,157
2026,10435.0,142
2027,10440.0,140
2028,10445.0,155
2029,10450.0,166
2030,10455.0,168
2031,10460.0,165
2032,10465.0,164
2033,10470.0,141
2034,10475.0,128
2035,10480.0,127
2036,10485.0,137
2037,10490.0,124
2038,10495.0,114
2039,10500.0,121
2040,10505.0,130
2041,10510.0,141
2042,10515.0,165
2043,10520.0,162
2044,10525.0,137
2045,10530.0,127
2046,10535.0,132
2047,10540.0,120
2048,10545.0,121
2049,10550.0,121
2050,10555.0,128
2051,10560.0,136
2052,10565.0,156
2053,10570.0,140
2054,10575.0,153
2055,10580.0,156
2056,10585.0,143
2057,10590.0,133
2058,10595.0,152
2059,10600.0,151
2060,10605.0,145
2061,10610.0,137
2062,10615.0,113
2063,10620.0,103
2064,10625.0,120
2065,10630.0,139
2066,10635.0,143
2067,10640.0,139
2068,10645.0,128
2069,10650.0,105
2070,10655.0,83
2071,10660.0,68
2072,10665.0,101
2073,10670.0,114
2074,10675.0,120
2075,10680.0,123
2076,10685.0,110
2077,10690.0,97
2078,10695.0,113
2079,10700.0,121
2080,10705.0,132
2081,10710.0,130
2082,10715.0,113
2083,10720.0,81
2084,10725.0,75
2085,10730.0,85
2086,10735.0,94
2087,10740.0,103
2088,10745.0,108
2089,10750.0,105
2090,10755.0,103
2091,10760.0,102
2092,10765.0,110
2093,10770.0,87
2094,10775.0,91
2095,10780.0,69
2096,10785.0,79
2097,10790.0,94
2098,10795.0,112
2099,10800.0,104
2100,10805.0,102
2101,10810.0,94
2102,10815.0,96
2103,10820.0,84
2104,10825.0,96
2105,10830.0,90
2106,10835.0,101
2107,10840.0,90
2108,10845.0,85
2109,10850.0,78
2110,10855.0,94
2111,10860.0,92
2112,10865.0,84
2113,10870.0,83
2114,10875.0,73
2115,10880.0,69
2116,10885.0,83
2117,10890.0,85
2118,10895.0,121
2119,10900.0,95
2120,10905.0,81
2121,10910.0,65
2122,10915.0,96
2123,10920.0,113
2124,10925.0,103
2125,10930.0,79
2126,10935.0,76
2127,10940.0,64
2128,10945.0,65
2129,10950.0,69
2130,10955.0,88
2131,10960.0,88
2132,10965.0,94
2133,10970.0,85
2134,10975.0,84
2135,10980.0,58
2136,10985.0,66
2137,10990.0,69
2138,10995.0,66
2139,11000.0,81
2140,11005.0,90
2141,11010.0,84
2142,11015.0,95
2143,11020.0,90
2144,11025.0,116
2145,11030.0,95
2146,11035.0,78
2147,11040.0,70
2148,11045.0,84
2149,11050.0,81
2150,11055.0,82
2151,11060.0,61
2152,11065.0,72
2153,11070.0,80
2154,11075.0,62
2155,11080.0,62
2156,11085.0,68
2157,11090.0,63
2158,11095.0,68
2159,11100.0,36
2160,11105.0,44
2161,11110.0,70
2162,11115.0,91
2163,11120.0,103
2164,11125.0,83
2165,11130.0,86
2166,11135.0,76
2167,11140.0,66
2168,11145.0,86
2169,11150.0,99
2170,11155.0,93
2171,11160.0,62
2172,11165.0,73
2173,11170.0,76
2174,11175.0,78
2175,11180.0,79
2176,11185.0,97
2177,11190.0,76
2178,11195.0,88
2179,11200.0,71
2180,11205.0,95
2181,11210.0,89
2182,11215.0,77
2183,11220.0,61
2184,11225.0,87
2185,11230.0,81
2186,11235.0,84
2187,11240.0,79
2188,11245.0,107
2189,11250.0,96
2190,11255.0,87
2191,11260.0,77
2192,11265.0,87
2193,11270.0,92
2194,11275.0,108
2195,11280.0,106
2196,11285.0,84
2197,11290.0,77
2198,11295.0,74
2199,11300.0,62
2200,11305.0,66
2201,11310.0,66
2202,11315.0,95
2203,11320.0,82
2204,11325.0,79
2205,11330.0,62
2206,11335.0,58
2207,11340.0,62
2208,11345.0,64
2209,11350.0,63
2210,11355.0,81
2211,11360.0,88
2212,11365.0,79
2213,11370.0,63
2214,11375.0,70
2215,11380.0,63
2216,11385.0,70
2217,11390.0,50
2218,11395.0,67
2219,11400.0,71
2220,11405.0,73
2221,11410.0,55
2222,11415.0,62
2223,11420.0,87
2224,11425.0,71
2225,11430.0,62
2226,11435.0,78
2227,11440.0,70
2228,11445.0,68
2229,11450.0,67
2230,11455.0,78
2231,11460.0,79
2232,11465.0,95
2233,11470.0,80
2234,11475.0,66
2235,11480.0,60
2236,11485.0,84
2237,11490.0,100
2238,11495.0,99
2239,11500.0,77
2240,11505.0,75
2241,11510.0,75
2242,11515.0,94
2243,11520.0,105
2244,11525.0,131
2245,11530.0,110
2246,11535.0,80
2247,11540.0,52
2248,11545.0,55
2249,11550.0,55
2250,11555.0,57
2251,11560.0,56
2252,11565.0,58
2253,11570.0,63
2254,11575.0,93
2255,11580.0,83
2256,11585.0,92
2257,11590.0,65
2258,11595.0,59
2259,11600.0,62
2260,11605.0,64
2261,11610.0,85
2262,11615.0,108
2263,11620.0,106
2264,11625.0,104
2265,11630.0,88
2266,11635.0,83
2267,11640.0,55
2268,11645.0,71
2269,11650.0,64
2270,11655.0,80
2271,11660.0,69
2272,11665.0,70
2273,11670.0,78
2274,11675.0,82
2275,11680.0,90
2276,11685.0,92
2277,11690.0,62
2278,11695.0,65
2279,11700.0,52
2280,11705.0,81
2281,11710.0,71
2282,11715.0,82
2283,11720.0,95
2284,11725.0,75
2285,11730.0,56
2286,11735.0,58
2287,11740.0,45
2288,11745.0,47
2289,11750.0,39
2290,11755.0,63
2291,11760.0,71
2292,11765.0,67
2293,11770.0,55
2294,11775.0,48
2295,11780.0,44
2296,11785.0,58
2297,11790.0,53
2298,11795.0,54
2299,11800.0,43
2300,11805.0,59
2301,11810.0,66
2302,11815.0,61
2303,11820.0,50
2304,11825.0,51
2305,11830.0,59
2306,11835.0,64
2307,11840.0,55
2308,11845.0,69
2309,11850.0,65
2310,11855.0,76
2311,11860.0,57
2312,11865.0,61
2313,11870.0,73
2314,11875.0,91
2315,11880.0,88
2316,11885.0,88
2317,11890.0,52
2318,11895.0,50
2319,11900.0,60
2320,11905.0,46
2321,11910.0,56
2322,11915.0,87
2323,11920.0,113
2324,11925.0,91
2325,11930.0,48
2326,11935.0,54
2327,11940.0,48
2328,11945.0,68
2329,11950.0,73
2330,11955.0,93
2331,11960.0,88
2332,11965.0,78
2333,11970.0,59
2334,11975.0,64
2335,11980.0,76
2336,11985.0,72
2337,11990.0,51
2338,11995.0,40
2339,12000.0,50
2340,12005.0,66
2341,12010.0,60
2342,12015.0,56
2343,12020.0,72
2344,12025.0,98
2345,12030.0,59
2346,12035.0,70
2347,12040.0,78
2348,12045.0,78
2349,12050.0,60
2350,12055.0,60
2351,12060.0,66
2352,12065.0,70
2353,12070.0,67
2354,12075.0,75
2355,12080.0,62
2356,12085.0,62
2357,12090.0,50
2358,12095.0,66
2359,12100.0,64
2360,12105.0,94
2361,12110.0,79
2362,12115.0,62
2363,12120.0,54
2364,12125.0,58
2365,12130.0,48
2366,12135.0,63
2367,12140.0,85
2368,12145.0,85
2369,12150.0,66
2370,12155.0,73
2371,12160.0,72
2372,12165.0,71
2373,12170.0,74
2374,12175.0,81
2375,12180.0,72
2376,12185.0,75
2377,12190.0,58
2378,12195.0,62
2379,12200.0,81
2380,12205.0,91
2381,12210.0,70
2382,12215.0,77
2383,12220.0,65
2384,12225.0,80
2385,12230.0,72
2386,12235.0,75
2387,12240.0,72
2388,12245.0,70
2389,12250.0,59
2390,12255.0,56
2391,12260.0,47
2392,12265.0,42
2393,12270.0,55
2394,12275.0,88
2395,12280.0,89
2396,12285.0,81
2397,12290.0,75
2398,12295.0,71
2399,12300.0,57
2400,12305.0,71
2401,12310.0,74
2402,12315.0,78
2403,12320.0,63
2404,12325.0,66
2405,12330.0,65
2406,12335.0,66
2407,12340.0,65
2408,12345.0,83
2409,12350.0,62
2410,12355.0,52
2411,12360.0,65
2412,12365.0,84
2413,12370.0,90
2414,12375.0,83
2415,12380.0,61
2416,12385.0,54
2417,12390.0,53
2418,12395.0,70
2419,12400.0,69
2420,12405.0,67
2421,12410.0,60
2422,12415.0,75
2423,12420.0,71
2424,12425.0,68
2425,12430.0,67
2426,12435.0,78
2427,12440.0,65
2428,12445.0,54
2429,12450.0,69
2430,12455.0,84
2431,12460.0,68
2432,12465.0,67
2433,12470.0,60
2434,12475.0,73
2435,12480.0,68
2436,12485.0,69
2437,12490.0,70
2438,12495.0,66
2439,12500.0,62
2440,12505.0,65
2441,12510.0,64
2442,12515.0,78
2443,12520.0,73
2444,12525.0,65
2445,12530.0,59
2446,12535.0,71
2447,12540.0,67
2448,12545.0,69
2449,12550.0,63
2450,12555.0,78
2451,12560.0,85
2452,12565.0,67
2453,12570.0,51
2454,12575.0,59
2455,12580.0,60
2456,12585.0,69
2457,12590.0,58
2458,12595.0,65
2459,12600.0,31
2460,12605.0,51
2461,12610.0,53
2462,12615.0,61
2463,12620.0,81
2464,12625.0,75
2465,12630.0,57
2466,12635.0,96
2467,12640.0,118
2468,12645.0,101
2469,12650.0,63
2470,12655.0,66
2471,12660.0,61
2472,12665.0,58
2473,12670.0,80
2474,12675.0,93
2475,12680.0,75
2476,12685.0,85
2477,12690.0,68
2478,12695.0,59
2479,12700.0,55
2480,12705.0,62
2481,12710.0,63
2482,12715.0,74
2483,12720.0,83
2484,12725.0,83
2485,12730.0,77
2486,12735.0,58
2487,12740.0,58
2488,12745.0,80
2489,12750.0,87
2490,12755.0,89
2491,12760.0,78
2492,12765.0,73
2493,12770.0,61
2494,12775.0,51
2495,12780.0,66
2496,12785.0,77
2497,12790.0,71
2498,12795.0,71
2499,12800.0,84
2500,12805.0,76
2501,12810.0,55
2502,12815.0,46
2503,12820.0,43
2504,12825.0,82
2505,12830.0,88
2506,12835.0,75
2507,12840.0,61
2508,12845.0,73
2509,12850.0,60
2510,12855.0,61
2511,12860.0,50
2512,12865.0,85
2513,12870.0,87
2514,12875.0,73
2515,12880.0,61
2516,12885.0,65
2517,12890.0,69
2518,12895.0,62
2519,12900.0,74
2520,12905.0,85
2521,12910.0,95
2522,12915.0,107
2523,12920.0,93
2524,12925.0,59
2525,12930.0,52
2526,12935.0,92
2527,12940.0,92
2528,12945.0,101
2529,12950.0,80
2530,12955.0,68
2531,12960.0,74
2532,12965.0,80
2533,12970.0,73
2534,12975.0,96
2535,12980.0,94
2536,12985.0,77
2537,12990.0,71
2538,12995.0,83
2539,13000.0,75
2540,13005.0,72
2541,13010.0,70
2542,13015.0,72
2543,13020.0,79
2544,13025.0,87
2545,13030.0,56
2546,13035.0,71
2547,13040.0,63
2548,13045.0,59
2549,13050.0,78
2550,13055.0,98
2551,13060.0,74
2552,13065.0,87
2553,13070.0,66
2554,13075.0,70
2555,13080.0,88
2556,13085.0,96
2557,13090.0,66
2558,13095.0,56
2559,13100.0,68
2560,13105.0,100
2561,13110.0,120
2562,13115.0,129
2563,13120.0,87
2564,13125.0,55
2565,13130.0,61
2566,13135.0,78
2567,13140.0,108
2568,13145.0,127
2569,13150.0,107
2570,13155.0,77
2571,13160.0,44
2572,13165.0,48
2573,13170.0,75
2574,13175.0,105
2575,13180.0,98
2576,13185.0,80
2577,13190.0,69
2578,13195.0,69
2579,13200.0,81
2580,13205.0,111
2581,13210.0,100
2582,13215.0,97
2583,13220.0,69
2584,13225.0,64
2585,13230.0,113
2586,13235.0,127
2587,13240.0,94
2588,13245.0,80
2589,13250.0,80
2590,13255.0,89
2591,13260.0,95
2592,13265.0,79
2593,13270.0,62
2594,13275.0,79
2595,13280.0,99
2596,13285.0,106
2597,13290.0,94
2598,13295.0,90
2599,13300.0,73
2600,13305.0,80
2601,13310.0,90
2602,13315.0,91
2603,13320.0,104
2604,13325.0,110
2605,13330.0,87
2606,13335.0,75
2607,13340.0,74
2608,13345.0,93
2609,13350.0,99
2610,13355.0,90
2611,13360.0,90
2612,13365.0,100
2613,13370.0,109
2614,13375.0,117
2615,13380.0,117
2616,13385.0,135
2617,13390.0,116
2618,13395.0,116
2619,13400.0,107
2620,13405.0,95
2621,13410.0,100
2622,13415.0,114
2623,13420.0,107
2624,13425.0,87
2625,13430.0,60
2626,13435.0,63
2627,13440.0,76
2628,13445.0,100
2629,13450.0,103
2630,13455.0,117
2631,13460.0,118
2632,13465.0,134
2633,13470.0,144
2634,13475.0,147
2635,13480.0,117
2636,13485.0,109
2637,13490.0,98
2638,13495.0,109
2639,13500.0,112
2640,13505.0,116
2641,13510.0,101
2642,13515.0,82
2643,13520.0,71
2644,13525.0,75
2645,13530.0,87
2646,13535.0,93
2647,13540.0,84
2648,13545.0,89
2649,13550.0,75
2650,13555.0,65
2651,13560.0,81
2652,13565.0,92
2653,13570.0,84
2654,13575.0,79
2655,13580.0,72
2656,13585.0,96
2657,13590.0,133
2658,13595.0,155
2659,13600.0,118
2660,13605.0,99
2661,13610.0,69
2662,13615.0,65
2663,13620.0,86
2664,13625.0,109
2665,13630.0,92
2666,13635.0,81
2667,13640.0,68
2668,13645.0,74
2669,13650.0,100
2670,13655.0,114
2671,13660.0,99
2672,13665.0,85
2673,13670.0,80
2674,13675.0,84
2675,13680.0,104
2676,13685.0,122
2677,13690.0,107
2678,13695.0,95
2679,13700.0,93
2680,13705.0,73
2681,13710.0,55
2682,13715.0,89
2683,13720.0,93
2684,13725.0,106
2685,13730.0,113
2686,13735.0,123
2687,13740.0,104
2688,13745.0,93
2689,13750.0,83
2690,13755.0,86
2691,13760.0,126
2692,13765.0,140
2693,13770.0,125
2694,13775.0,104
2695,13780.0,83
2696,13785.0,87
2697,13790.0,91
2698,13795.0,97
2699,13800.0,93
2700,13805.0,94
2701,13810.0,79
2702,13815.0,81
2703,13820.0,93
2704,13825.0,107
2705,13830.0,105
2706,13835.0,114
2707,13840.0,91
2708,13845.0,86
2709,13850.0,99
2710,13855.0,92
2711,13860.0,90
2712,13865.0,104
2713,13870.0,90
2714,13875.0,80
2715,13880.0,75
2716,13885.0,66
2717,13890.0,59
2718,13895.0,78
2719,13900.0,75
2720,13905.0,91
2721,13910.0,90
2722,13915.0,85
2723,13920.0,90
2724,13925.0,86
2725,13930.0,63
2726,13935.0,55
2727,13940.0,48
2728,13945.0,77
2729,13950.0,111
2730,13955.0,130
2731,13960.0,96
2732,13965.0,63
2733,13970.0,54
2734,13975.0,77
2735,13980.0,103
2736,13985.0,114
2737,13990.0,82
2738,13995.0,77
2739,14000.0,78
2740,14005.0,82
2741,14010.0,107
2742,14015.0,113
2743,14020.0,81
2744,14025.0,77
2745,14030.0,61
2746,14035.0,70
2747,14040.0,91
2748,14045.0,104
2749,14050.0,93
2750,14055.0,85
2751,14060.0,69
2752,14065.0,84
2753,14070.0,90
2754,14075.0,91
2755,14080.0,95
2756,14085.0,97
2757,14090.0,84
2758,14095.0,88
2759,14100.0,109
2760,14105.0,120
2761,14110.0,92
2762,14115.0,79
2763,14120.0,83
2764,14125.0,87
2765,14130.0,86
2766,14135.0,92
2767,14140.0,87
2768,14145.0,97
2769,14150.0,96
2770,14155.0,89
2771,14160.0,81
2772,14165.0,94
2773,14170.0,90
2774,14175.0,106
2775,14180.0,112
2776,14185.0,109
2777,14190.0,95
2778,14195.0,87
2779,14200.0,71
2780,14205.0,69
2781,14210.0,92
2782,14215.0,120
2783,14220.0,125
2784,14225.0,107
2785,14230.0,84
2786,14235.0,70
2787,14240.0,77
2788,14245.0,67
2789,14250.0,65
2790,14255.0,88
2791,14260.0,76
2792,14265.0,64
2793,14270.0,73
2794,14275.0,77
2795,14280.0,75
2796,14285.0,96
2797,14290.0,94
2798,14295.0,91
2799,14300.0,92
2800,14305.0,90
2801,14310.0,90
2802,14315.0,75
2803,14320.0,69
2804,14325.0,79
2805,14330.0,98
2806,14335.0,112
2807,14340.0,84
2808,14345.0,77
2809,14350.0,60
2810,14355.0,56
2811,14360.0,64
2812,14365.0,72
2813,14370.0,91
2814,14375.0,103
2815,14380.0,77
2816,14385.0,71
2817,14390.0,61
2818,14395.0,81
2819,14400.0,94
2820,14405.0,105
2821,14410.0,78
2822,14415.0,64
2823,14420.0,66
2824,14425.0,72
2825,14430.0,77
2826,14435.0,89
2827,14440.0,72
2828,14445.0,68
2829,14450.0,67
2830,14455.0,81
2831,14460.0,83
2832,14465.0,81
2833,14470.0,57
2834,14475.0,39
2835,14480.0,33
2836,14485.0,42
2837,14490.0,65
2838,14495.0,96
2839,14500.0,82
2840,14505.0,63
2841,14510.0,51
2842,14515.0,51
2843,14520.0,59
2844,14525.0,77
2845,14530.0,61
2846,14535.0,59
2847,14540.0,48
2848,14545.0,52
2849,14550.0,55
2850,14555.0,65
2851,14560.0,78
2852,14565.0,72
2853,14570.0,63
2854,14575.0,49
2855,14580.0,46
2856,14585.0,60
2857,14590.0,72
2858,14595.0,78
2859,14600.0,75
2860,14605.0,81
2861,14610.0,82
2862,14615.0,80
2863,14620.0,68
2864,14625.0,72
2865,14630.0,76
2866,14635.0,69
2867,14640.0,61
2868,14645.0,89
2869,14650.0,81
2870,14655.0,75
2871,14660.0,84
2872,14665.0,94
2873,14670.0,73
2874,14675.0,71
2875,14680.0,57
2876,14685.0,61
2877,14690.0,71
2878,14695.0,87
2879,14700.0,96
2880,14705.0,89
2881,14710.0,66
2882,14715.0,60
2883,14720.0,58
2884,14725.0,57
2885,14730.0,82
2886,14735.0,109
2887,14740.0,81
2888,14745.0,61
2889,14750.0,44
2890,14755.0,53
2891,14760.0,61
2892,14765.0,71
2893,14770.0,84
2894,14775.0,99
2895,14780.0,71
2896,14785.0,51
2897,14790.0,58
2898,14795.0,76
2899,14800.0,74
2900,14805.0,66
2901,14810.0,61
2902,14815.0,76
2903,14820.0,74
2904,14825.0,68
2905,14830.0,83
2906,14835.0,92
2907,14840.0,73
2908,14845.0,71
2909,14850.0,76
2910,14855.0,85
2911,14860.0,86
2912,14865.0,91
2913,14870.0,80
2914,14875.0,63
2915,14880.0,71
2916,14885.0,84
2917,14890.0,86
2918,14895.0,96
2919,14900.0,87
2920,14905.0,84
2921,14910.0,62
2922,14915.0,74
2923,14920.0,69
2924,14925.0,72
2925,14930.0,60
2926,14935.0,64
2927,14940.0,73
2928,14945.0,86
2929,14950.0,60
2930,14955.0,58
2931,14960.0,46
2932,14965.0,57
2933,14970.0,70
2934,14975.0,73
2935,14980.0,83
2936,14985.0,78
2937,14990.0,58
2938,14995.0,74
2939,15000.0,71
2940,15005.0,78
2941,15010.0,74
2942,15015.0,94
2943,15020.0,77
2944,15025.0,55
2945,15030.0,56
2946,15035.0,47
2947,15040.0,70
2948,15045.0,100
2949,15050.0,88
2950,15055.0,74
2951,15060.0,61
2952,15065.0,62
2953,15070.0,56
2954,15075.0,63
2955,15080.0,78
2956,15085.0,105
2957,15090.0,101
2958,15095.0,78
2959,15100.0,60
2960,15105.0,62
2961,15110.0,51
2962,15115.0,59
2963,15120.0,65
2964,15125.0,98
2965,15130.0,109
2966,15135.0,72
2967,15140.0,58
2968,15145.0,80
2969,15150.0,53
2970,15155.0,57
2971,15160.0,67
2972,15165.0,59
2973,15170.0,49
2974,15175.0,60
2975,15180.0,63
2976,15185.0,80
2977,15190.0,59
2978,15195.0,74
2979,15200.0,70
2980,15205.0,68
2981,15210.0,49
2982,15215.0,57
2983,15220.0,68
2984,15225.0,79
2985,15230.0,58
2986,15235.0,77
2987,15240.0,69
2988,15245.0,52
2989,15250.0,60
2990,15255.0,65
2991,15260.0,75
2992,15265.0,86
2993,15270.0,78
2994,15275.0,58
2995,15280.0,66
2996,15285.0,80
2997,15290.0,77
2998,15295.0,88
2999,15300.0,68
3000,15305.0,50
3001,15310.0,58
3002,15315.0,92
3003,15320.0,88
3004,15325.0,72
3005,15330.0,55
3006,15335.0,63
3007,15340.0,56
3008,15345.0,46
3009,15350.0,44
3010,15355.0,77
3011,15360.0,87
3012,15365.0,72
3013,15370.0,69
3014,15375.0,78
3015,15380.0,66
3016,15385.0,66
3017,15390.0,40
3018,15395.0,67
3019,15400.0,65
3020,15405.0,75
3021,15410.0,70
3022,15415.0,70
3023,15420.0,74
3024,15425.0,83
3025,15430.0,93
3026,15435.0,87
3027,15440.0,73
3028,15445.0,62
3029,15450.0,56
3030,15455.0,51
3031,15460.0,67
3032,15465.0,103
3033,15470.0,101
3034,15475.0,91
3035,15480.0,64
3036,15485.0,64
3037,15490.0,64
3038,15495.0,78
3039,15500.0,72
3040,15505.0,75
3041,15510.0,55
3042,15515.0,58
3043,15520.0,61
3044,15525.0,66
3045,15530.0,76
3046,15535.0,84
3047,15540.0,72
3048,15545.0,54
3049,15550.0,53
3050,15555.0,70
3051,15560.0,74
3052,15565.0,72
3053,15570.0,62
3054,15575.0,72
3055,15580.0,64
3056,15585.0,58
3057,15590.0,53
3058,15595.0,63
3059,15600.0,60
3060,15605.0,90
3061,15610.0,78
3062,15615.0,62
3063,15620.0,55
3064,15625.0,67
3065,15630.0,71
3066,15635.0,68
3067,15640.0,55
3068,15645.0,59
3069,15650.0,70
3070,15655.0,84
3071,15660.0,79
3072,15665.0,77
3073,15670.0,63
3074,15675.0,65
3075,15680.0,74
3076,15685.0,87
3077,15690.0,92
3078,15695.0,95
3079,15700.0,69
3080,15705.0,61
3081,15710.0,64
3082,15715.0,75
3083,15720.0,59
3084,15725.0,60
3085,15730.0,65
3086,15735.0,68
3087,15740.0,58
3088,15745.0,61
3089,15750.0,52
3090,15755.0,70
3091,15760.0,85
3092,15765.0,67
3093,15770.0,49
3094,15775.0,58
3095,15780.0,55
3096,15785.0,69
3097,15790.0,62
3098,15795.0,72
3099,15800.0,95
3100,15805.0,71
3101,15810.0,57
3102,15815.0,78
3103,15820.0,85
3104,15825.0,84
3105,15830.0,83
3106,15835.0,74
3107,15840.0,61
3108,15845.0,66
3109,15850.0,64
3110,15855.0,75
3111,15860.0,71
3112,15865.0,69
3113,15870.0,78
3114,15875.0,82
3115,15880.0,67
3116,15885.0,63
3117,15890.0,68
3118,15895.0,92
3119,15900.0,88
3120,15905.0,72
3121,15910.0,53
3122,15915.0,68
3123,15920.0,77
3124,15925.0,92
3125,15930.0,69
3126,15935.0,79
3127,15940.0,78
3128,15945.0,84
3129,15950.0,75
3130,15955.0,57
3131,15960.0,56
3132,15965.0,77
3133,15970.0,90
3134,15975.0,109
3135,15980.0,84
3136,15985.0,82
3137,15990.0,64
3138,15995.0,52
3139,16000.0,55
3140,16005.0,69
3141,16010.0,81
3142,16015.0,81
3143,16020.0,58
3144,16025.0,72
3145,16030.0,58
3146,16035.0,63
3147,16040.0,71
3148,16045.0,73
3149,16050.0,70
3150,16055.0,99
3151,16060.0,83
3152,16065.0,49
3153,16070.0,48
3154,16075.0,67
3155,16080.0,72
3156,16085.0,61
3157,16090.0,54
3158,16095.0,70
3159,16100.0,77
3160,16105.0,69
3161,16110.0,55
3162,16115.0,58
3163,16120.0,66
3164,16125.0,73
3165,16130.0,82
3166,16135.0,86
3167,16140.0,83
3168,16145.0,77
3169,16150.0,77
3170,16155.0,70
3171,16160.0,64
3172,16165.0,83
3173,16170.0,57
3174,16175.0,66
3175,16180.0,62
3176,16185.0,63
3177,16190.0,84
3178,16195.0,99
3179,16200.0,73
3180,16205.0,60
3181,16210.0,57
3182,16215.0,58
3183,16220.0,64
3184,16225.0,65
3185,16230.0,62
3186,16235.0,72
3187,16240.0,52
3188,16245.0,41
3189,16250.0,46
3190,16255.0,75
3191,16260.0,73
3192,16265.0,65
3193,16270.0,54
3194,16275.0,55
3195,16280.0,68
3196,16285.0,64
3197,16290.0,54
3198,16295.0,59
3199,16300.0,57
3200,16305.0,69
3201,16310.0,75
3202,16315.0,95
3203,16320.0,86
3204,16325.0,63
3205,16330.0,60
3206,16335.0,59
3207,16340.0,73
3208,16345.0,67
3209,16350.0,65
3210,16355.0,77
3211,16360.0,55
3212,16365.0,39
3213,16370.0,59
3214,16375.0,91
3215,16380.0,92
3216,16385.0,81
3217,16390.0,64
3218,16395.0,70
3219,16400.0,74
3220,16405.0,73
3221,16410.0,66
3222,16415.0,83
3223,16420.0,71
3224,16425.0,62
3225,16430.0,45
3226,16435.0,67
3227,16440.0,96
3228,16445.0,132
3229,16450.0,95
3230,16455.0,62
3231,16460.0,57
3232,16465.0,78
3233,16470.0,102
3234,16475.0,107
3235,16480.0,83
3236,16485.0,58
3237,16490.0,59
3238,16495.0,72
3239,16500.0,83
3240,16505.0,99
3241,16510.0,79
3242,16515.0,67
3243,16520.0,61
3244,16525.0,78
3245,16530.0,103
3246,16535.0,118
3247,16540.0,93
3248,16545.0,73
3249,16550.0,81
3250,16555.0,75
3251,16560.0,82
3252,16565.0,97
3253,16570.0,75
3254,16575.0,73
3255,16580.0,83
3256,16585.0,88
3257,16590.0,89
3258,16595.0,95
3259,16600.0,92
3260,16605.0,77
3261,16610.0,61
3262,16615.0,75
3263,16620.0,105
3264,16625.0,109
3265,16630.0,105
3266,16635.0,98
3267,16640.0,76
3268,16645.0,85
3269,16650.0,98
3270,16655.0,103
3271,16660.0,83
3272,16665.0,94
3273,16670.0,100
3274,16675.0,75
3275,16680.0,83
3276,16685.0,114
3277,16690.0,118
3278,16695.0,118
3279,16700.0,104
3280,16705.0,88
3281,16710.0,80
3282,16715.0,104
3283,16720.0,101
3284,16725.0,87
3285,16730.0,95
3286,16735.0,111
3287,16740.0,95
3288,16745.0,79
3289,16750.0,50
3290,16755.0,60
3291,16760.0,71
3292,16765.0,101
3293,16770.0,99
3294,16775.0,96
3295,16780.0,73
3296,16785.0,85
3297,16790.0,73
3298,16795.0,69
3299,16800.0,83
3300,16805.0,107
3301,16810.0,85
3302,16815.0,83
3303,16820.0,73
3304,16825.0,87
3305,16830.0,103
3306,16835.0,107
3307,16840.0,73
3308,16845.0,79
3309,16850.0,91
3310,16855.0,91
3311,16860.0,104
3312,16865.0,125
3313,16870.0,89
3314,16875.0,77
3315,16880.0,87
3316,16885.0,96
3317,16890.0,83
3318,16895.0,93
3319,16900.0,73
3320,16905.0,87
3321,16910.0,91
3322,16915.0,93
3323,16920.0,84
3324,16925.0,82
3325,16930.0,53
3326,16935.0,77
3327,16940.0,90
3328,16945.0,75
3329,16950.0,77
3330,16955.0,97
3331,16960.0,69
3332,16965.0,70
3333,16970.0,69
3334,16975.0,68
3335,16980.0,90
3336,16985.0,109
3337,16990.0,86
3338,16995.0,79
3339,17000.0,73
3340,17005.0,75
3341,17010.0,82
3342,17015.0,97
3343,17020.0,83
3344,17025.0,93
3345,17030.0,86
3346,17035.0,79
3347,17040.0,70
3348,17045.0,82
3349,17050.0,78
3350,17055.0,84
3351,17060.0,89
3352,17065.0,91
3353,17070.0,77
3354,17075.0,79
3355,17080.0,65
3356,17085.0,88
3357,17090.0,105
3358,17095.0,104
3359,17100.0,87
3360,17105.0,91
3361,17110.0,75
3362,17115.0,77
3363,17120.0,105
3364,17125.0,106
3365,17130.0,90
3366,17135.0,82
3367,17140.0,61
3368,17145.0,60
3369,17150.0,58
3370,17155.0,76
3371,17160.0,97
3372,17165.0,113
3373,17170.0,75
3374,17175.0,75
3375,17180.0,54
3376,17185.0,70
3377,17190.0,89
3378,17195.0,107
3379,17200.0,67
3380,17205.0,62
3381,17210.0,74
3382,17215.0,95
3383,17220.0,101
3384,17225.0,111
3385,17230.0,84
3386,17235.0,86
3387,17240.0,81
3388,17245.0,82
3389,17250.0,94
3390,17255.0,102
3391,17260.0,84
3392,17265.0,80
3393,17270.0,71
3394,17275.0,70
3395,17280.0,89
3396,17285.0,114
3397,17290.0,92
3398,17295.0,82
3399,17300.0,78
3400,17305.0,72
3401,17310.0,69
3402,17315.0,87
3403,17320.0,76
3404,17325.0,77
3405,17330.0,86
3406,17335.0,91
3407,17340.0,75
3408,17345.0,66
3409,17350.0,63
3410,17355.0,83
3411,17360.0,84
3412,17365.0,89
3413,17370.0,97
3414,17375.0,93
3415,17380.0,65
3416,17385.0,64
3417,17390.0,72
3418,17395.0,61
3419,17400.0,76
3420,17405.0,89
3421,17410.0,83
3422,17415.0,89
3423,17420.0,69
3424,17425.0,86
3425,17430.0,90
3426,17435.0,84
3427,17440.0,61
3428,17445.0,73
3429,17450.0,70
3430,17455.0,56
3431,17460.0,69
3432,17465.0,92
3433,17470.0,93
3434,17475.0,91
3435,17480.0,91
3436,17485.0,83
3437,17490.0,73
3438,17495.0,71
3439,17500.0,67
3440,17505.0,66
3441,17510.0,80
3442,17515.0,93
3443,17520.0,94
3444,17525.0,101
3445,17530.0,88
3446,17535.0,72
3447,17540.0,61
3448,17545.0,67
3449,17550.0,64
3450,17555.0,82
3451,17560.0,65
3452,17565.0,62
3453,17570.0,56
3454,17575.0,71
3455,17580.0,74
3456,17585.0,85
3457,17590.0,67
3458,17595.0,76
3459,17600.0,92
3460,17605.0,80
3461,17610.0,76
3462,17615.0,68
3463,17620.0,65
3464,17625.0,73
3465,17630.0,71
3466,17635.0,71
3467,17640.0,81
3468,17645.0,95
3469,17650.0,77
3470,17655.0,62
3471,17660.0,61
3472,17665.0,84
3473,17670.0,107
3474,17675.0,112
3475,17680.0,82
3476,17685.0,60
3477,17690.0,58
3478,17695.0,84
3479,17700.0,95
3480,17705.0,109
3481,17710.0,96
3482,17715.0,78
3483,17720.0,63
3484,17725.0,73
3485,17730.0,89
3486,17735.0,119
3487,17740.0,82
3488,17745.0,75
3489,17750.0,56
3490,17755.0,50
3491,17760.0,65
3492,17765.0,91
3493,17770.0,97
3494,17775.0,79
3495,17780.0,54
3496,17785.0,54
3497,17790.0,72
3498,17795.0,70
3499,17800.0,58
3500,17805.0,73
3501,17810.0,60
3502,17815.0,65
3503,17820.0,67
3504,17825.0,83
3505,17830.0,82
3506,17835.0,69
3507,17840.0,71
3508,17845.0,64
3509,17850.0,69
3510,17855.0,66
3511,17860.0,77
3512,17865.0,83
3513,17870.0,78
3514,17875.0,70
3515,17880.0,64
3516,17885.0,54
3517,17890.0,54
3518,17895.0,65
3519,17900.0,42
3520,17905.0,70
3521,17910.0,88
3522,17915.0,87
3523,17920.0,72
3524,17925.0,66
3525,17930.0,49
3526,17935.0,45
3527,17940.0,45
3528,17945.0,60
3529,17950.0,71
3530,17955.0,88
3531,17960.0,80
3532,17965.0,69
3533,17970.0,64
3534,17975.0,67
3535,17980.0,77
3536,17985.0,68
3537,17990.0,34
3538,17995.0,48
3539,18000.0,68
3540,18005.0,77
3541,18010.0,71
3542,18015.0,59
3543,18020.0,61
3544,18025.0,77
3545,18030.0,80
3546,18035.0,75
3547,18040.0,70
3548,18045.0,64
3549,18050.0,65
3550,18055.0,66
3551,18060.0,49
3552,18065.0,59
3553,18070.0,56
3554,18075.0,58
3555,18080.0,63
3556,18085.0,58
3557,18090.0,58
3558,18095.0,80
3559,18100.0,82
3560,18105.0,96
3561,18110.0,81
3562,18115.0,74
3563,18120.0,65
3564,18125.0,71
3565,18130.0,82
3566,18135.0,81
3567,18140.0,67
3568,18145.0,63
3569,18150.0,40
3570,18155.0,46
3571,18160.0,59
3572,18165.0,77
3573,18170.0,65
3574,18175.0,52
3575,18180.0,53
3576,18185.0,54
3577,18190.0,48
3578,18195.0,50
3579,18200.0,66
3580,18205.0,72
3581,18210.0,65
3582,18215.0,77
3583,18220.0,59
3584,18225.0,62
3585,18230.0,51
3586,18235.0,71
3587,18240.0,84
3588,18245.0,82
3589,18250.0,57
3590,18255.0,49
3591,18260.0,41
3592,18265.0,37
3593,18270.0,43
3594,18275.0,64
3595,18280.0,78
3596,18285.0,67
3597,18290.0,52
3598,18295.0,54
3599,18300.0,42
3600,18305.0,65
3601,18310.0,79
3602,18315.0,71
3603,18320.0,55
3604,18325.0,67
3605,18330.0,60
3606,18335.0,73
3607,18340.0,73
3608,18345.0,63
3609,18350.0,54
3610,18355.0,53
3611,18360.0,60
3612,18365.0,61
3613,18370.0,55
3614,18375.0,62
3615,18380.0,78
3616,18385.0,87
3617,18390.0,77
3618,18395.0,70
3619,18400.0,45
3620,18405.0,56
3621,18410.0,43
3622,18415.0,38
3623,18420.0,38
3624,18425.0,64
3625,18430.0,77
3626,18435.0,82
3627,18440.0,72
3628,18445.0,61
3629,18450.0,54
3630,18455.0,74
3631,18460.0,88
3632,18465.0,95
3633,18470.0,65
3634,18475.0,61
3635,18480.0,46
3636,18485.0,51
3637,18490.0,44
3638,18495.0,52
3639,18500.0,58
3640,18505.0,60
3641,18510.0,65
3642,18515.0,78
3643,18520.0,84
3644,18525.0,84
3645,18530.0,65
3646,18535.0,69
3647,18540.0,75
3648,18545.0,89
3649,18550.0,85
3650,18555.0,89
3651,18560.0,68
3652,18565.0,66
3653,18570.0,72
3654,18575.0,92
3655,18580.0,95
3656,18585.0,95
3657,18590.0,79
3658,18595.0,50
3659,18600.0,65
3660,18605.0,80
3661,18610.0,73
3662,18615.0,67
3663,18620.0,51
3664,18625.0,40
3665,18630.0,59
3666,18635.0,88
3667,18640.0,76
3668,18645.0,82
3669,18650.0,58
3670,18655.0,41
3671,18660.0,49
3672,18665.0,62
3673,18670.0,65
3674,18675.0,77
3675,18680.0,66
3676,18685.0,64
3677,18690.0,56
3678,18695.0,77
3679,18700.0,66
3680,18705.0,68
3681,18710.0,61
3682,18715.0,57
3683,18720.0,48
3684,18725.0,80
3685,18730.0,82
3686,18735.0,79
3687,18740.0,60
3688,18745.0,57
3689,18750.0,52
3690,18755.0,74
3691,18760.0,87
3692,18765.0,81
3693,18770.0,68
3694,18775.0,53
3695,18780.0,48
3696,18785.0,68
3697,18790.0,73
3698,18795.0,73
3699,18800.0,73
3700,18805.0,65
3701,18810.0,69
3702,18815.0,57
3703,18820.0,60
3704,18825.0,80
3705,18830.0,59
3706,18835.0,57
3707,18840.0,62
3708,18845.0,64
3709,18850.0,70
3710,18855.0,71
3711,18860.0,69
3712,18865.0,64
3713,18870.0,65
3714,18875.0,87
3715,18880.0,71
3716,18885.0,62
3717,18890.0,51
3718,18895.0,57
3719,18900.0,72
3720,18905.0,99
3721,18910.0,100
3722,18915.0,91
3723,18920.0,68
3724,18925.0,61
3725,18930.0,64
3726,18935.0,67
3727,18940.0,65
3728,18945.0,66
3729,18950.0,75
3730,18955.0,84
3731,18960.0,92
3732,18965.0,89
3733,18970.0,82
3734,18975.0,83
3735,18980.0,73
3736,18985.0,74
3737,18990.0,82
3738,18995.0,98
3739,19000.0,83
3740,19005.0,87
3741,19010.0,68
3742,19015.0,59
3743,19020.0,87
3744,19025.0,120
3745,19030.0,84
3746,19035.0,76
3747,19040.0,64
3748,19045.0,54
3749,19050.0,80
3750,19055.0,105
3751,19060.0,95
3752,19065.0,83
3753,19070.0,73
3754,19075.0,64
3755,19080.0,82
3756,19085.0,113
3757,19090.0,119
3758,19095.0,108
3759,19100.0,74
3760,19105.0,67
3761,19110.0,65
3762,19115.0,77
3763,19120.0,66
3764,19125.0,73
3765,19130.0,66
3766,19135.0,63
3767,19140.0,65
3768,19145.0,86
3769,19150.0,70
3770,19155.0,56
3771,19160.0,51
3772,19165.0,71
3773,19170.0,97
3774,19175.0,118
3775,19180.0,106
3776,19185.0,87
3777,19190.0,66
3778,19195.0,65
3779,19200.0,78
3780,19205.0,114
3781,19210.0,107
3782,19215.0,95
3783,19220.0,63
3784,19225.0,48
3785,19230.0,52
3786,19235.0,68
3787,19240.0,86
3788,19245.0,92
3789,19250.0,74
3790,19255.0,68
3791,19260.0,54
3792,19265.0,65
3793,19270.0,71
3794,19275.0,70
3795,19280.0,62
3796,19285.0,57
3797,19290.0,52
3798,19295.0,67
3799,19300.0,60
3800,19305.0,73
3801,19310.0,67
3802,19315.0,60
3803,19320.0,69
3804,19325.0,86
3805,19330.0,79
3806,19335.0,78
3807,19340.0,70
3808,19345.0,58
3809,19350.0,45
3810,19355.0,95
3811,19360.0,91
3812,19365.0,95
3813,19370.0,97
3814,19375.0,70
3815,19380.0,65
3816,19385.0,86
3817,19390.0,78
3818,19395.0,82
3819,19400.0,87
3820,19405.0,77
3821,19410.0,63
3822,19415.0,83
3823,19420.0,99
3824,19425.0,94
3825,19430.0,76
3826,19435.0,58
3827,19440.0,50
3828,19445.0,75
3829,19450.0,89
3830,19455.0,96
3831,19460.0,107
3832,19465.0,91
3833,19470.0,73
3834,19475.0,76
3835,19480.0,75
3836,19485.0,86
3837,19490.0,83
3838,19495.0,97
3839,19500.0,71
3840,19505.0,82
3841,19510.0,91
3842,19515.0,89
3843,19520.0,74
3844,19525.0,65
3845,19530.0,52
3846,19535.0,63
3847,19540.0,65
3848,19545.0,60
3849,19550.0,67
3850,19555.0,79
3851,19560.0,71
3852,19565.0,87
3853,19570.0,75
3854,19575.0,61
3855,19580.0,51
3856,19585.0,67
3857,19590.0,74
3858,19595.0,96
3859,19600.0,96
3860,19605.0,62
3861,19610.0,66
3862,19615.0,75
3863,19620.0,72
3864,19625.0,110
3865,19630.0,117
3866,19635.0,102
3867,19640.0,82
3868,19645.0,88
3869,19650.0,82
3870,19655.0,97
3871,19660.0,76
3872,19665.0,87
3873,19670.0,74
3874,19675.0,63
3875,19680.0,63
3876,19685.0,85
3877,19690.0,88
3878,19695.0,69
3879,19700.0,74
3880,19705.0,66
3881,19710.0,66
3882,19715.0,86
3883,19720.0,98
3884,19725.0,106
3885,19730.0,92
3886,19735.0,73
3887,19740.0,43
3888,19745.0,57
3889,19750.0,80
3890,19755.0,74
3891,19760.0,54
3892,19765.0,43
3893,19770.0,54
3894,19775.0,100
3895,19780.0,116
3896,19785.0,110
3897,19790.0,74
3898,19795.0,72
3899,19800.0,57
3900,19805.0,86
3901,19810.0,101
3902,19815.0,93
3903,19820.0,88
3904,19825.0,91
3905,19830.0,62
3906,19835.0,86
3907,19840.0,87
3908,19845.0,92
3909,19850.0,79
3910,19855.0,81
3911,19860.0,68
3912,19865.0,82
3913,19870.0,68
3914,19875.0,57
3915,19880.0,89
3916,19885.0,94
3917,19890.0,99
3918,19895.0,107
3919,19900.0,91
3920,19905.0,63
3921,19910.0,73
3922,19915.0,95
3923,19920.0,111
3924,19925.0,107
3925,19930.0,89
3926,19935.0,67
3927,19940.0,65
3928,19945.0,75
3929,19950.0,73
3930,19955.0,82
3931,19960.0,83
3932,19965.0,65
3933,19970.0,78
3934,19975.0,81
3935,19980.0,73
3936,19985.0,80
3937,19990.0,84
3938,19995.0,106
3939,20000.0,106
3940,20005.0,89
