buffer_size,step_time,total_stopped,total_wait_time
2,5.0,0,0.0
7,10.0,0,0.0
14,15.0,1,2.0
20,20.0,6,21.0
26,25.0,13,72.0
32,30.0,19,156.0
38,35.0,17,154.0
44,40.0,14,93.0
52,45.0,15,73.0
62,50.0,8,55.0
72,55.0,3,33.0
78,60.0,4,53.0
84,65.0,2,2.0
89,70.0,7,27.0
95,75.0,13,80.0
103,80.0,19,163.0
109,85.0,25,275.0
115,90.0,31,414.0
123,95.0,29,404.0
133,100.0,23,289.0
143,105.0,16,209.0
153,110.0,7,94.0
163,115.0,3,33.0
169,120.0,0,0.0
175,125.0,5,17.0
179,130.0,7,17.0
185,135.0,4,13.0
191,140.0,2,20.0
201,145.0,4,35.0
209,150.0,4,50.0
215,155.0,5,71.0
221,160.0,1,1.0
227,165.0,6,21.0
234,170.0,6,15.0
239,175.0,2,7.0
247,180.0,2,14.0
251,185.0,3,28.0
259,190.0,4,44.0
265,195.0,0,0.0
271,200.0,5,17.0
277,205.0,5,12.0
281,210.0,4,8.0
287,215.0,2,12.0
296,220.0,4,23.0
305,225.0,4,40.0
311,230.0,1,1.0
317,235.0,6,19.0
324,240.0,6,16.0
328,245.0,4,7.0
334,250.0,2,10.0
342,255.0,3,21.0
351,260.0,3,36.0
357,265.0,1,2.0
365,270.0,7,25.0
371,275.0,5,20.0
377,280.0,3,5.0
381,285.0,2,9.0
389,290.0,2,19.0
397,295.0,2,2.0
403,300.0,7,21.0
409,305.0,13,73.0
416,310.0,19,156.0
422,315.0,27,276.0
430,320.0,26,283.0
439,325.0,22,216.0
449,330.0,17,180.0
459,335.0,13,95.0
469,340.0,14,90.0
476,345.0,20,177.0
484,350.0,22,184.0
492,355.0,21,139.0
502,360.0,15,104.0
512,365.0,12,81.0
522,370.0,13,89.0
528,375.0,15,86.0
537,380.0,13,61.0
545,385.0,13,62.0
555,390.0,9,60.0
565,395.0,1,1.0
571,400.0,6,21.0
577,405.0,13,70.0
581,410.0,13,69.0
589,415.0,10,41.0
597,420.0,9,34.0
607,425.0,8,40.0
617,430.0,2,3.0
625,435.0,8,29.0
629,440.0,9,30.0
634,445.0,3,12.0
641,450.0,3,16.0
650,455.0,4,30.0
659,460.0,0,0.0
665,465.0,8,26.0
671,470.0,8,27.0
675,475.0,5,11.0
683,480.0,3,15.0
691,485.0,3,27.0
701,490.0,2,2.0
707,495.0,6,23.0
714,500.0,6,19.0
718,505.0,4,7.0
725,510.0,2,13.0
733,515.0,4,27.0
743,520.0,2,3.0
749,525.0,8,30.0
755,530.0,8,31.0
761,535.0,5,14.0
767,540.0,3,5.0
775,545.0,7,21.0
785,550.0,13,74.0
791,555.0,15,83.0
799,560.0,11,54.0
807,565.0,11,50.0
817,570.0,9,55.0
827,575.0,0,0.0
835,580.0,6,20.0
839,585.0,6,20.0
847,590.0,4,8.0
851,595.0,2,16.0
861,600.0,3,29.0
869,605.0,1,1.0
875,610.0,6,23.0
881,615.0,7,21.0
885,620.0,3,8.0
893,625.0,2,14.0
901,630.0,4,28.0
911,635.0,1,1.0
917,640.0,6,20.0
923,645.0,7,22.0
930,650.0,4,10.0
935,655.0,2,16.0
943,660.0,3,30.0
953,665.0,1,1.0
959,670.0,7,19.0
964,675.0,8,26.0
969,680.0,6,13.0
976,685.0,2,16.0
985,690.0,3,29.0
994,695.0,1,2.0
1000,700.0,6,21.0
1007,705.0,6,17.0
1014,710.0,2,8.0
1019,715.0,3,7.0
1028,720.0,9,36.0
1036,725.0,9,40.0
1042,730.0,5,14.0
1051,735.0,6,18.0
1059,740.0,5,26.0
1069,745.0,2,2.0
1075,750.0,6,24.0
1081,755.0,7,19.0
1085,760.0,3,5.0
1093,765.0,2,6.0
1101,770.0,2,2.0
1111,775.0,8,28.0
1117,780.0,9,29.0
1123,785.0,6,17.0
1131,790.0,4,12.0
1139,795.0,2,20.0
1149,800.0,1,1.0
1155,805.0,8,23.0
1161,810.0,6,23.0
1165,815.0,3,5.0
1173,820.0,2,9.0
1182,825.0,3,21.0
1191,830.0,2,3.0
1197,835.0,7,23.0
1203,840.0,6,20.0
1209,845.0,5,10.0
1215,850.0,4,9.0
1223,855.0,3,19.0
1233,860.0,1,1.0
1239,865.0,7,24.0
1245,870.0,7,20.0
1250,875.0,4,8.0
1257,880.0,3,11.0
1265,885.0,3,21.0
1275,890.0,2,2.0
1281,895.0,7,23.0
1287,900.0,7,21.0
1293,905.0,5,9.0
1299,910.0,3,12.0
1307,915.0,1,2.0
1317,920.0,8,28.0
1323,925.0,7,26.0
1331,930.0,4,11.0
1336,935.0,5,18.0
1344,940.0,3,3.0
1354,945.0,8,26.0
1360,950.0,9,33.0
1366,955.0,5,16.0
1374,960.0,3,16.0
1382,965.0,1,1.0
1392,970.0,7,24.0
1398,975.0,7,25.0
1404,980.0,4,11.0
1412,985.0,5,18.0
1420,990.0,1,1.0
1430,995.0,7,24.0
1436,1000.0,9,28.0
1442,1005.0,5,11.0
1450,1010.0,4,11.0
1458,1015.0,2,3.0
1468,1020.0,7,29.0
1476,1025.0,8,25.0
1481,1030.0,4,9.0
1488,1035.0,3,10.0
1496,1040.0,3,6.0
1506,1045.0,10,40.0
1512,1050.0,9,39.0
1518,1055.0,6,13.0
1526,1060.0,7,19.0
1534,1065.0,2,2.0
1544,1070.0,7,27.0
1550,1075.0,7,22.0
1556,1080.0,6,16.0
1564,1085.0,4,7.0
1573,1090.0,9,33.0
1582,1095.0,10,38.0
1589,1100.0,6,21.0
1597,1105.0,5,21.0
1605,1110.0,4,4.0
1615,1115.0,8,27.0
1622,1120.0,8,27.0
1629,1125.0,6,15.0
1635,1130.0,4,9.0
1643,1135.0,9,39.0
1653,1140.0,9,37.0
1661,1145.0,6,20.0
1669,1150.0,8,17.0
1677,1155.0,10,42.0
1687,1160.0,9,33.0
1694,1165.0,5,14.0
1702,1170.0,3,15.0
1710,1175.0,2,3.0
1720,1180.0,8,29.0
1726,1185.0,9,30.0
1732,1190.0,5,12.0
1740,1195.0,3,16.0
1748,1200.0,4,5.0
1758,1205.0,7,30.0
1764,1210.0,7,25.0
1770,1215.0,4,13.0
1778,1220.0,2,6.0
1786,1225.0,3,3.0
1796,1230.0,7,28.0
1802,1235.0,7,25.0
1808,1240.0,6,12.0
1816,1245.0,3,11.0
1824,1250.0,2,18.0
1834,1255.0,1,1.0
1840,1260.0,5,15.0
1848,1265.0,6,15.0
1852,1270.0,3,4.0
1858,1275.0,3,10.0
1866,1280.0,3,19.0
1876,1285.0,1,1.0
1882,1290.0,7,22.0
1888,1295.0,6,21.0
1895,1300.0,4,9.0
1901,1305.0,4,10.0
1909,1310.0,10,46.0
1918,1315.0,10,44.0
1924,1320.0,6,22.0
1933,1325.0,7,25.0
1942,1330.0,4,26.0
1952,1335.0,1,1.0
1958,1340.0,8,25.0
1964,1345.0,7,25.0
1970,1350.0,5,11.0
1976,1355.0,5,18.0
1984,1360.0,3,23.0
1994,1365.0,0,0.0
2000,1370.0,6,17.0
2006,1375.0,6,21.0
2010,1380.0,5,10.0
2018,1385.0,3,12.0
2026,1390.0,3,22.0
2036,1395.0,2,2.0
2043,1400.0,6,23.0
2049,1405.0,8,23.0
2055,1410.0,3,8.0
2060,1415.0,2,13.0
2070,1420.0,3,24.0
2078,1425.0,2,2.0
2084,1430.0,8,28.0
2090,1435.0,8,30.0
2096,1440.0,5,14.0
2102,1445.0,3,15.0
2110,1450.0,3,26.0
2120,1455.0,1,1.0
2126,1460.0,6,23.0
2132,1465.0,7,24.0
2136,1470.0,5,11.0
2144,1475.0,2,11.0
2152,1480.0,3,23.0
2162,1485.0,1,1.0
2168,1490.0,7,23.0
2174,1495.0,6,23.0
2180,1500.0,5,12.0
2186,1505.0,4,13.0
2194,1510.0,4,21.0
2204,1515.0,1,2.0
2210,1520.0,6,18.0
2216,1525.0,6,19.0
2222,1530.0,3,8.0
2228,1535.0,3,13.0
2236,1540.0,4,26.0
2246,1545.0,1,1.0
2252,1550.0,6,19.0
2258,1555.0,7,21.0
2264,1560.0,5,11.0
2270,1565.0,4,15.0
2278,1570.0,3,4.0
2288,1575.0,8,33.0
2296,1580.0,7,29.0
2300,1585.0,5,14.0
2308,1590.0,4,17.0
2316,1595.0,3,4.0
2326,1600.0,8,34.0
2332,1605.0,10,37.0
2338,1610.0,8,21.0
2346,1615.0,3,4.0
2354,1620.0,6,19.0
2364,1625.0,7,23.0
2370,1630.0,5,9.0
2378,1635.0,5,15.0
2386,1640.0,4,6.0
2396,1645.0,7,27.0
2404,1650.0,13,79.0
2408,1655.0,13,73.0
2416,1660.0,10,35.0
2424,1665.0,10,35.0
2434,1670.0,5,11.0
2444,1675.0,6,23.0
2450,1680.0,8,25.0
2456,1685.0,4,8.0
2464,1690.0,4,13.0
2472,1695.0,4,23.0
2482,1700.0,1,1.0
2490,1705.0,7,23.0
2494,1710.0,7,22.0
2500,1715.0,4,9.0
2506,1720.0,3,11.0
2514,1725.0,3,5.0
2524,1730.0,8,35.0
2530,1735.0,9,35.0
2535,1740.0,6,19.0
2544,1745.0,4,13.0
2552,1750.0,2,3.0
2562,1755.0,7,22.0
2568,1760.0,7,22.0
2573,1765.0,3,11.0
2582,1770.0,5,8.0
2590,1775.0,7,29.0
2599,1780.0,7,23.0
2608,1785.0,5,11.0
2614,1790.0,4,11.0
2622,1795.0,2,2.0
2632,1800.0,7,25.0
2639,1805.0,6,19.0
2644,1810.0,4,5.0
2652,1815.0,4,10.0
2660,1820.0,2,3.0
2670,1825.0,8,31.0
2676,1830.0,9,36.0
2682,1835.0,6,18.0
2690,1840.0,7,18.0
2698,1845.0,4,22.0
2708,1850.0,1,1.0
2714,1855.0,6,20.0
2720,1860.0,8,22.0
2726,1865.0,6,15.0
2732,1870.0,3,13.0
2740,1875.0,2,3.0
2750,1880.0,7,27.0
2756,1885.0,7,28.0
2763,1890.0,7,16.0
2770,1895.0,5,19.0
2778,1900.0,4,25.0
2788,1905.0,2,3.0
2796,1910.0,6,25.0
2800,1915.0,7,19.0
2805,1920.0,3,7.0
2812,1925.0,4,14.0
2820,1930.0,3,24.0
2830,1935.0,1,1.0
2836,1940.0,6,18.0
2842,1945.0,6,22.0
2847,1950.0,4,8.0
2854,1955.0,2,13.0
2862,1960.0,3,26.0
2872,1965.0,1,2.0
2878,1970.0,7,24.0
2884,1975.0,7,20.0
2891,1980.0,6,11.0
2896,1985.0,4,14.0
2904,1990.0,4,24.0
2914,1995.0,0,0.0
2921,2000.0,6,18.0
2926,2005.0,6,18.0
2932,2010.0,4,9.0
2938,2015.0,2,11.0
2947,2020.0,4,22.0
2956,2025.0,2,3.0
2962,2030.0,8,29.0
2968,2035.0,8,30.0
2974,2040.0,6,18.0
2980,2045.0,4,16.0
2988,2050.0,4,24.0
2998,2055.0,2,5.0
3004,2060.0,7,33.0
3008,2065.0,9,33.0
3014,2070.0,5,13.0
3022,2075.0,5,17.0
3030,2080.0,5,25.0
3040,2085.0,0,0.0
3046,2090.0,5,15.0
3051,2095.0,6,17.0
3057,2100.0,3,6.0
3063,2105.0,2,11.0
3071,2110.0,5,25.0
3081,2115.0,2,2.0
3087,2120.0,8,29.0
3095,2125.0,7,27.0
3099,2130.0,5,12.0
3105,2135.0,2,13.0
3113,2140.0,2,4.0
3123,2145.0,8,30.0
3129,2150.0,8,32.0
3135,2155.0,7,15.0
3143,2160.0,5,17.0
3151,2165.0,2,4.0
3161,2170.0,7,26.0
3168,2175.0,8,27.0
3173,2180.0,5,10.0
3181,2185.0,4,18.0
3189,2190.0,3,4.0
3199,2195.0,8,26.0
3205,2200.0,9,32.0
3211,2205.0,5,10.0
3219,2210.0,3,10.0
3227,2215.0,3,3.0
3237,2220.0,9,30.0
3244,2225.0,8,32.0
3250,2230.0,4,10.0
3257,2235.0,4,13.0
3265,2240.0,2,20.0
3275,2245.0,0,0.0
3281,2250.0,7,19.0
3287,2255.0,6,20.0
3293,2260.0,5,12.0
3299,2265.0,4,12.0
3307,2270.0,2,19.0
3317,2275.0,1,1.0
3323,2280.0,7,24.0
3329,2285.0,6,19.0
3335,2290.0,3,5.0
3341,2295.0,2,7.0
3349,2300.0,2,16.0
3359,2305.0,1,1.0
3365,2310.0,7,21.0
3372,2315.0,6,22.0
3378,2320.0,3,5.0
3383,2325.0,2,8.0
3392,2330.0,2,18.0
3401,2335.0,0,0.0
3407,2340.0,6,21.0
3413,2345.0,7,20.0
3419,2350.0,4,7.0
3426,2355.0,3,8.0
3435,2360.0,2,2.0
3443,2365.0,6,25.0
3449,2370.0,6,23.0
3455,2375.0,5,12.0
3463,2380.0,2,9.0
3471,2385.0,3,20.0
3481,2390.0,1,2.0
3487,2395.0,7,24.0
3493,2400.0,5,19.0
3499,2405.0,5,8.0
3505,2410.0,3,11.0
3513,2415.0,4,22.0
3523,2420.0,1,1.0
3529,2425.0,7,24.0
3536,2430.0,6,19.0
3541,2435.0,4,9.0
3547,2440.0,3,12.0
3555,2445.0,5,23.0
3565,2450.0,1,1.0
3573,2455.0,7,19.0
3578,2460.0,7,22.0
3585,2465.0,3,6.0
3589,2470.0,3,10.0
3599,2475.0,3,20.0
3607,2480.0,2,2.0
3613,2485.0,7,27.0
3620,2490.0,8,27.0
3627,2495.0,5,12.0
3633,2500.0,3,10.0
3641,2505.0,1,1.0
3649,2510.0,8,23.0
3655,2515.0,7,24.0
3662,2520.0,3,8.0
3669,2525.0,2,11.0
3677,2530.0,4,23.0
3687,2535.0,2,3.0
3693,2540.0,8,29.0
3698,2545.0,7,25.0
3704,2550.0,4,14.0
3711,2555.0,4,16.0
3719,2560.0,4,25.0
3729,2565.0,1,2.0
3735,2570.0,7,25.0
3743,2575.0,5,20.0
3749,2580.0,2,4.0
3755,2585.0,2,2.0
3763,2590.0,8,27.0
3771,2595.0,7,25.0
3777,2600.0,6,15.0
3785,2605.0,6,13.0
3793,2610.0,11,44.0
3803,2615.0,9,40.0
3809,2620.0,8,26.0
3819,2625.0,7,19.0
3827,2630.0,4,25.0
3837,2635.0,2,3.0
3843,2640.0,8,27.0
3850,2645.0,8,27.0
3855,2650.0,5,8.0
3862,2655.0,4,9.0
3871,2660.0,2,16.0
3880,2665.0,1,1.0
3886,2670.0,6,19.0
3892,2675.0,6,14.0
3898,2680.0,4,8.0
3904,2685.0,2,9.0
3912,2690.0,4,21.0
3922,2695.0,1,1.0
3930,2700.0,5,17.0
3934,2705.0,7,18.0
3939,2710.0,3,4.0
3946,2715.0,1,6.0
3954,2720.0,2,16.0
3964,2725.0,1,2.0
3970,2730.0,6,20.0
3976,2735.0,8,18.0
3984,2740.0,3,4.0
3988,2745.0,1,6.0
3997,2750.0,3,16.0
4006,2755.0,1,1.0
4012,2760.0,8,26.0
4018,2765.0,9,26.0
4023,2770.0,5,9.0
4030,2775.0,2,9.0
4038,2780.0,3,20.0
4048,2785.0,2,4.0
4055,2790.0,8,34.0
4060,2795.0,8,30.0
4068,2800.0,5,13.0
4073,2805.0,2,9.0
4081,2810.0,3,5.0
4091,2815.0,8,30.0
4097,2820.0,9,32.0
4104,2825.0,7,14.0
4111,2830.0,5,15.0
4119,2835.0,4,21.0
4129,2840.0,2,3.0
4135,2845.0,7,28.0
4141,2850.0,7,26.0
4145,2855.0,3,7.0
4153,2860.0,1,8.0
4161,2865.0,3,19.0
4171,2870.0,2,2.0
4177,2875.0,8,26.0
4182,2880.0,7,25.0
4188,2885.0,6,11.0
4195,2890.0,4,13.0
4203,2895.0,4,21.0
4213,2900.0,2,2.0
4219,2905.0,6,21.0
4223,2910.0,8,25.0
4229,2915.0,6,17.0
4237,2920.0,5,12.0
4245,2925.0,3,20.0
4255,2930.0,2,2.0
4261,2935.0,7,23.0
4269,2940.0,9,31.0
4273,2945.0,5,10.0
4279,2950.0,3,12.0
4288,2955.0,4,24.0
4297,2960.0,1,1.0
4303,2965.0,7,24.0
4311,2970.0,6,17.0
4317,2975.0,4,6.0
4321,2980.0,2,9.0
4329,2985.0,3,21.0
4339,2990.0,3,5.0
4345,2995.0,7,31.0
4351,3000.0,6,23.0
4357,3005.0,4,8.0
4363,3010.0,4,12.0
4371,3015.0,3,21.0
4381,3020.0,0,0.0
4387,3025.0,8,25.0
4394,3030.0,7,24.0
4398,3035.0,5,12.0
4405,3040.0,4,14.0
4414,3045.0,3,22.0
4423,3050.0,1,1.0
4430,3055.0,6,22.0
4435,3060.0,6,19.0
4441,3065.0,4,7.0
4447,3070.0,3,11.0
4455,3075.0,3,21.0
4465,3080.0,1,1.0
4471,3085.0,8,25.0
4477,3090.0,7,25.0
4483,3095.0,5,11.0
4490,3100.0,2,4.0
4498,3105.0,9,32.0
4508,3110.0,8,31.0
4514,3115.0,5,17.0
4522,3120.0,5,20.0
4530,3125.0,4,28.0
4540,3130.0,2,3.0
4546,3135.0,6,24.0
4552,3140.0,7,23.0
4558,3145.0,4,12.0
4565,3150.0,4,8.0
4574,3155.0,8,36.0
4582,3160.0,9,31.0
4588,3165.0,5,11.0
4597,3170.0,3,9.0
4606,3175.0,3,17.0
4615,3180.0,1,1.0
4621,3185.0,6,22.0
4627,3190.0,5,18.0
4631,3195.0,2,3.0
4639,3200.0,1,4.0
4647,3205.0,2,14.0
4657,3210.0,2,4.0
4663,3215.0,7,27.0
4669,3220.0,7,24.0
4675,3225.0,4,6.0
4681,3230.0,2,6.0
4689,3235.0,2,13.0
4699,3240.0,0,0.0
4705,3245.0,8,22.0
4711,3250.0,7,23.0
4716,3255.0,4,7.0
4723,3260.0,2,9.0
4731,3265.0,2,15.0
4741,3270.0,2,2.0
4748,3275.0,6,24.0
4753,3280.0,8,22.0
4759,3285.0,3,6.0
4765,3290.0,3,8.0
4773,3295.0,2,16.0
4783,3300.0,2,2.0
4789,3305.0,7,27.0
4795,3310.0,7,25.0
4801,3315.0,5,7.0
4807,3320.0,1,6.0
4815,3325.0,3,16.0
4825,3330.0,1,1.0
4833,3335.0,5,17.0
4837,3340.0,5,11.0
4843,3345.0,2,2.0
4849,3350.0,1,6.0
4859,3355.0,2,16.0
4867,3360.0,1,1.0
4873,3365.0,5,22.0
4879,3370.0,6,18.0
4885,3375.0,3,3.0
4891,3380.0,1,5.0
4899,3385.0,2,15.0
4909,3390.0,2,2.0
4915,3395.0,7,26.0
4921,3400.0,8,26.0
4927,3405.0,4,8.0
4933,3410.0,3,10.0
4941,3415.0,4,19.0
4951,3420.0,1,1.0
4957,3425.0,8,23.0
4963,3430.0,7,22.0
4970,3435.0,3,6.0
4977,3440.0,2,6.0
4983,3445.0,2,4.0
4993,3450.0,7,27.0
4999,3455.0,8,29.0
5005,3460.0,5,10.0
5013,3465.0,4,11.0
5021,3470.0,3,17.0
5031,3475.0,2,2.0
5037,3480.0,7,25.0
5044,3485.0,7,25.0
5049,3490.0,5,11.0
5055,3495.0,5,11.0
5063,3500.0,3,18.0
5073,3505.0,1,1.0
5079,3510.0,6,21.0
5085,3515.0,6,19.0
5090,3520.0,5,8.0
5097,3525.0,3,9.0
5105,3530.0,3,19.0
5115,3535.0,1,1.0
5121,3540.0,6,22.0
5127,3545.0,8,21.0
5131,3550.0,5,10.0
5139,3555.0,4,8.0
5147,3560.0,9,36.0
5157,3565.0,7,29.0
5164,3570.0,5,14.0
5172,3575.0,3,4.0
5180,3580.0,6,22.0
5190,3585.0,7,23.0
5196,3590.0,6,14.0
5204,3595.0,3,17.0
5212,3600.0,4,31.0
5222,3605.0,1,2.0
5228,3610.0,7,25.0
5232,3615.0,6,22.0
5239,3620.0,6,13.0
5246,3625.0,2,16.0
5254,3630.0,3,4.0
5264,3635.0,7,28.0
5270,3640.0,8,29.0
5276,3645.0,5,9.0
5284,3650.0,2,7.0
5292,3655.0,4,6.0
5302,3660.0,8,34.0
5308,3665.0,8,32.0
5314,3670.0,6,12.0
5322,3675.0,6,17.0
5330,3680.0,4,6.0
5340,3685.0,8,32.0
5346,3690.0,7,27.0
5353,3695.0,4,7.0
5360,3700.0,3,9.0
5368,3705.0,3,4.0
5378,3710.0,8,28.0
5385,3715.0,8,25.0
5391,3720.0,4,9.0
5398,3725.0,4,15.0
5406,3730.0,3,24.0
5416,3735.0,0,0.0
5424,3740.0,6,18.0
5428,3745.0,12,62.0
5432,3750.0,12,60.0
5440,3755.0,10,33.0
5448,3760.0,8,25.0
5458,3765.0,13,39.0
5468,3770.0,6,19.0
5474,3775.0,4,11.0
5482,3780.0,5,8.0
5490,3785.0,10,42.0
5500,3790.0,8,43.0
5506,3795.0,7,22.0
5516,3800.0,4,8.0
5525,3805.0,10,33.0
5534,3810.0,9,36.0
5541,3815.0,7,20.0
5549,3820.0,6,12.0
5558,3825.0,9,36.0
5567,3830.0,9,32.0
5574,3835.0,7,23.0
5582,3840.0,4,8.0
5590,3845.0,9,30.0
5600,3850.0,9,33.0
5606,3855.0,7,22.0
5614,3860.0,2,19.0
5622,3865.0,4,35.0
5632,3870.0,2,2.0
5638,3875.0,7,22.0
5644,3880.0,6,20.0
5652,3885.0,4,8.0
5658,3890.0,2,7.0
5664,3895.0,1,1.0
5674,3900.0,8,27.0
5680,3905.0,9,36.0
5686,3910.0,7,15.0
5694,3915.0,3,6.0
5702,3920.0,9,29.0
5712,3925.0,8,30.0
5718,3930.0,4,10.0
5726,3935.0,3,7.0
5734,3940.0,9,34.0
5744,3945.0,9,35.0
5751,3950.0,6,18.0
5759,3955.0,5,23.0
5767,3960.0,4,31.0
5777,3965.0,1,2.0
5783,3970.0,7,26.0
5789,3975.0,10,30.0
5793,3980.0,6,21.0
5801,3985.0,6,16.0
5809,3990.0,12,55.0
5819,3995.0,11,51.0
5825,4000.0,8,27.0
5834,4005.0,8,19.0
5843,4010.0,11,44.0
5853,4015.0,8,33.0
5859,4020.0,6,20.0
5867,4025.0,4,7.0
5877,4030.0,9,32.0
5887,4035.0,9,30.0
5893,4040.0,6,20.0
5901,4045.0,4,19.0
5909,4050.0,3,30.0
5919,4055.0,0,0.0
5925,4060.0,6,21.0
5933,4065.0,7,22.0
5937,4070.0,4,9.0
5943,4075.0,2,16.0
5951,4080.0,3,31.0
5961,4085.0,1,1.0
5967,4090.0,6,21.0
5973,4095.0,8,23.0
5977,4100.0,7,17.0
5985,4105.0,5,21.0
5993,4110.0,5,33.0
6003,4115.0,1,2.0
6009,4120.0,7,27.0
6015,4125.0,6,21.0
6021,4130.0,4,12.0
6028,4135.0,3,16.0
6036,4140.0,3,29.0
6046,4145.0,3,4.0
6052,4150.0,8,30.0
6059,4155.0,9,31.0
6066,4160.0,8,22.0
6072,4165.0,3,6.0
6078,4170.0,8,31.0
6088,4175.0,9,34.0
6096,4180.0,6,15.0
6105,4185.0,9,19.0
6113,4190.0,8,37.0
6122,4195.0,9,31.0
6129,4200.0,6,25.0
6137,4205.0,5,19.0
6145,4210.0,5,26.0
6155,4215.0,2,2.0
6161,4220.0,6,24.0
6167,4225.0,7,22.0
6173,4230.0,5,15.0
6179,4235.0,3,13.0
6187,4240.0,3,25.0
6197,4245.0,1,1.0
6203,4250.0,6,23.0
6209,4255.0,13,74.0
6215,4260.0,13,75.0
6221,4265.0,10,37.0
6230,4270.0,10,38.0
6239,4275.0,8,36.0
6249,4280.0,2,2.0
6255,4285.0,7,23.0
6261,4290.0,6,19.0
6267,4295.0,6,15.0
6273,4300.0,5,16.0
6282,4305.0,4,23.0
6291,4310.0,1,2.0
6298,4315.0,5,21.0
6303,4320.0,5,14.0
6308,4325.0,4,10.0
6315,4330.0,4,12.0
6323,4335.0,3,21.0
6333,4340.0,2,2.0
6340,4345.0,5,19.0
6345,4350.0,7,21.0
6350,4355.0,4,9.0
6357,4360.0,2,9.0
6365,4365.0,2,19.0
6375,4370.0,1,2.0
6381,4375.0,6,21.0
6386,4380.0,7,22.0
6391,4385.0,5,11.0
6399,4390.0,4,13.0
6408,4395.0,3,22.0
6417,4400.0,1,1.0
6424,4405.0,6,23.0
6429,4410.0,6,21.0
6434,4415.0,5,11.0
6442,4420.0,2,11.0
6450,4425.0,3,22.0
6459,4430.0,2,3.0
6465,4435.0,7,27.0
6472,4440.0,7,22.0
6477,4445.0,4,8.0
6483,4450.0,3,10.0
6491,4455.0,4,22.0
6501,4460.0,3,6.0
6508,4465.0,9,39.0
6513,4470.0,9,36.0
6519,4475.0,6,24.0
6526,4480.0,6,18.0
6534,4485.0,4,24.0
6544,4490.0,1,1.0
6550,4495.0,6,20.0
6556,4500.0,6,21.0
6560,4505.0,5,10.0
6568,4510.0,3,10.0
6576,4515.0,4,21.0
6586,4520.0,2,2.0
6592,4525.0,7,23.0
6598,4530.0,7,23.0
6603,4535.0,5,11.0
6610,4540.0,3,12.0
6618,4545.0,2,20.0
6628,4550.0,2,2.0
6634,4555.0,6,25.0
6640,4560.0,7,26.0
6646,4565.0,5,11.0
6652,4570.0,3,11.0
6660,4575.0,3,20.0
6670,4580.0,1,1.0
6676,4585.0,7,23.0
6682,4590.0,6,20.0
6688,4595.0,3,7.0
6694,4600.0,2,9.0
6704,4605.0,2,3.0
6712,4610.0,8,31.0
6718,4615.0,7,26.0
6726,4620.0,5,12.0
6732,4625.0,3,12.0
6740,4630.0,3,24.0
6750,4635.0,0,0.0
6756,4640.0,7,23.0
6762,4645.0,8,26.0
6767,4650.0,3,9.0
6774,4655.0,3,14.0
6782,4660.0,3,26.0
6792,4665.0,2,4.0
6799,4670.0,6,24.0
6804,4675.0,6,16.0
6810,4680.0,4,7.0
6816,4685.0,2,13.0
6824,4690.0,5,26.0
6834,4695.0,4,41.0
6840,4700.0,3,5.0
6846,4705.0,7,28.0
6853,4710.0,6,22.0
6858,4715.0,4,7.0
6864,4720.0,2,9.0
6873,4725.0,3,21.0
6881,4730.0,1,1.0
6887,4735.0,7,22.0
6895,4740.0,7,26.0
6901,4745.0,4,10.0
6906,4750.0,4,13.0
6913,4755.0,2,21.0
6923,4760.0,2,2.0
6929,4765.0,6,22.0
6935,4770.0,6,21.0
6942,4775.0,5,12.0
6947,4780.0,3,13.0
6955,4785.0,3,24.0
6965,4790.0,0,0.0
6973,4795.0,5,15.0
6979,4800.0,7,19.0
6983,4805.0,5,10.0
6989,4810.0,4,12.0
6997,4815.0,4,21.0
7007,4820.0,2,2.0
7013,4825.0,7,27.0
7019,4830.0,7,24.0
7025,4835.0,5,10.0
7031,4840.0,4,13.0
7039,4845.0,2,20.0
7049,4850.0,1,2.0
7055,4855.0,8,24.0
7061,4860.0,7,25.0
7067,4865.0,4,10.0
7073,4870.0,2,11.0
7081,4875.0,2,21.0
7091,4880.0,1,1.0
7097,4885.0,7,26.0
7103,4890.0,6,24.0
7109,4895.0,5,8.0
7116,4900.0,2,7.0
7124,4905.0,3,18.0
7133,4910.0,1,1.0
7141,4915.0,5,16.0
7145,4920.0,4,12.0
7151,4925.0,2,3.0
7157,4930.0,4,12.0
7166,4935.0,3,21.0
7175,4940.0,2,2.0
7181,4945.0,7,27.0
7187,4950.0,7,22.0
7195,4955.0,4,9.0
7199,4960.0,2,9.0
7209,4965.0,3,20.0
7217,4970.0,1,1.0
7223,4975.0,8,29.0
7229,4980.0,7,27.0
7237,4985.0,4,8.0
7241,4990.0,3,12.0
7251,4995.0,3,22.0
7259,5000.0,2,4.0
7265,5005.0,8,31.0
7271,5010.0,8,33.0
7275,5015.0,5,12.0
7283,5020.0,5,13.0
7291,5025.0,3,20.0
7301,5030.0,1,1.0
7307,5035.0,6,21.0
7313,5040.0,6,18.0
7319,5045.0,4,7.0
7325,5050.0,3,11.0
7333,5055.0,3,22.0
7343,5060.0,1,1.0
7349,5065.0,6,22.0
7357,5070.0,7,20.0
7361,5075.0,7,15.0
7367,5080.0,3,11.0
7375,5085.0,2,20.0
7385,5090.0,2,3.0
7391,5095.0,6,25.0
7397,5100.0,7,21.0
7403,5105.0,4,8.0
7409,5110.0,2,8.0
7417,5115.0,3,19.0
7427,5120.0,1,2.0
7433,5125.0,7,28.0
7440,5130.0,8,30.0
7445,5135.0,5,11.0
7451,5140.0,4,14.0
7459,5145.0,4,23.0
7469,5150.0,1,1.0
7475,5155.0,6,23.0
7481,5160.0,13,73.0
7487,5165.0,12,71.0
7493,5170.0,12,44.0
7501,5175.0,11,40.0
7511,5180.0,7,33.0
7521,5185.0,1,1.0
7528,5190.0,6,20.0
7532,5195.0,6,21.0
7538,5200.0,4,5.0
7545,5205.0,1,6.0
7553,5210.0,3,17.0
7563,5215.0,1,1.0
7569,5220.0,6,20.0
7575,5225.0,7,19.0
7581,5230.0,4,7.0
7587,5235.0,4,11.0
7595,5240.0,2,19.0
7605,5245.0,0,0.0
7611,5250.0,6,19.0
7619,5255.0,5,15.0
7623,5260.0,4,7.0
7629,5265.0,2,8.0
7638,5270.0,2,17.0
7647,5275.0,1,1.0
7653,5280.0,7,24.0
7659,5285.0,8,25.0
7665,5290.0,5,14.0
7671,5295.0,4,12.0
7679,5300.0,2,19.0
7689,5305.0,2,3.0
7695,5310.0,6,25.0
7700,5315.0,7,22.0
7706,5320.0,4,9.0
7713,5325.0,3,10.0
7721,5330.0,3,20.0
7731,5335.0,0,0.0
7737,5340.0,6,21.0
7745,5345.0,6,20.0
7749,5350.0,4,6.0
7755,5355.0,4,12.0
7763,5360.0,3,18.0
7773,5365.0,3,32.0
7779,5370.0,2,4.0
7785,5375.0,5,23.0
7790,5380.0,6,17.0
7796,5385.0,3,4.0
7802,5390.0,1,6.0
7811,5395.0,2,15.0
7820,5400.0,1,1.0
7826,5405.0,5,19.0
7832,5410.0,7,19.0
7837,5415.0,6,16.0
7844,5420.0,2,17.0
7852,5425.0,3,32.0
7862,5430.0,1,1.0
7868,5435.0,6,19.0
7874,5440.0,7,20.0
7879,5445.0,3,5.0
7886,5450.0,3,7.0
7894,5455.0,2,16.0
7904,5460.0,2,3.0
7910,5465.0,7,24.0
7918,5470.0,6,18.0
7922,5475.0,3,5.0
7928,5480.0,1,5.0
7936,5485.0,3,16.0
7946,5490.0,1,1.0
7952,5495.0,7,24.0
7958,5500.0,7,22.0
7964,5505.0,4,7.0
7970,5510.0,2,8.0
7978,5515.0,2,16.0
7988,5520.0,1,3.0
7994,5525.0,6,23.0
7999,5530.0,6,22.0
8005,5535.0,5,9.0
8012,5540.0,3,9.0
8020,5545.0,3,3.0
8030,5550.0,8,27.0
8036,5555.0,8,32.0
8044,5560.0,5,10.0
8051,5565.0,6,12.0
8059,5570.0,9,36.0
8068,5575.0,9,33.0
8076,5580.0,6,15.0
8083,5585.0,2,11.0
8091,5590.0,3,22.0
8101,5595.0,0,0.0
8109,5600.0,4,11.0
8115,5605.0,5,13.0
8119,5610.0,2,5.0
8125,5615.0,2,13.0
8134,5620.0,3,26.0
8143,5625.0,2,3.0
8149,5630.0,8,26.0
8155,5635.0,7,28.0
8161,5640.0,5,10.0
8167,5645.0,2,11.0
8176,5650.0,3,22.0
8185,5655.0,2,3.0
8191,5660.0,7,24.0
8196,5665.0,7,21.0
8201,5670.0,5,11.0
8209,5675.0,4,16.0
8217,5680.0,3,23.0
8227,5685.0,1,1.0
8233,5690.0,6,23.0
8239,5695.0,6,20.0
8245,5700.0,3,9.0
8251,5705.0,2,14.0
8259,5710.0,3,26.0
8269,5715.0,1,1.0
8275,5720.0,7,22.0
8281,5725.0,8,24.0
8285,5730.0,4,11.0
8293,5735.0,2,11.0
8302,5740.0,3,23.0
8311,5745.0,0,0.0
8317,5750.0,6,21.0
8322,5755.0,6,17.0
8328,5760.0,4,7.0
8335,5765.0,3,13.0
8343,5770.0,4,24.0
8353,5775.0,3,38.0
8359,5780.0,0,0.0
8367,5785.0,6,17.0
8371,5790.0,5,15.0
8376,5795.0,3,5.0
8381,5800.0,2,8.0
8391,5805.0,3,19.0
8399,5810.0,2,2.0
8405,5815.0,7,26.0
8411,5820.0,8,27.0
8417,5825.0,4,10.0
8423,5830.0,4,13.0
8431,5835.0,4,23.0
8441,5840.0,2,5.0
8448,5845.0,8,32.0
8454,5850.0,9,32.0
8460,5855.0,6,14.0
8466,5860.0,3,13.0
8474,5865.0,4,24.0
8484,5870.0,1,1.0
8492,5875.0,6,21.0
8496,5880.0,5,14.0
8502,5885.0,4,7.0
8508,5890.0,3,11.0
8516,5895.0,3,22.0
8526,5900.0,1,1.0
8532,5905.0,6,19.0
8540,5910.0,6,19.0
8546,5915.0,3,8.0
8552,5920.0,3,12.0
8560,5925.0,3,22.0
8568,5930.0,2,2.0
8575,5935.0,6,20.0
8580,5940.0,6,18.0
8586,5945.0,5,8.0
8592,5950.0,2,8.0
8600,5955.0,5,22.0
8610,5960.0,1,1.0
8616,5965.0,7,24.0
8623,5970.0,8,26.0
8628,5975.0,4,9.0
8634,5980.0,4,11.0
8642,5985.0,3,20.0
8652,5990.0,1,1.0
8658,5995.0,6,24.0
8666,6000.0,6,22.0
8672,6005.0,4,8.0
8676,6010.0,2,9.0
8684,6015.0,3,20.0
8694,6020.0,2,3.0
8702,6025.0,6,22.0
8706,6030.0,7,19.0
8712,6035.0,3,7.0
8719,6040.0,4,11.0
8728,6045.0,3,19.0
8737,6050.0,1,2.0
8743,6055.0,8,28.0
8748,6060.0,8,28.0
8753,6065.0,5,13.0
8761,6070.0,4,12.0
8769,6075.0,4,21.0
8779,6080.0,2,3.0
8785,6085.0,6,22.0
8791,6090.0,12,72.0
8797,6095.0,14,75.0
8803,6100.0,12,51.0
8811,6105.0,13,48.0
8821,6110.0,8,44.0
8831,6115.0,1,1.0
8837,6120.0,7,23.0
8845,6125.0,7,23.0
8851,6130.0,4,7.0
8857,6135.0,3,8.0
8865,6140.0,2,17.0
8873,6145.0,1,2.0
8879,6150.0,7,24.0
8885,6155.0,8,26.0
8891,6160.0,5,14.0
8897,6165.0,4,12.0
8905,6170.0,2,19.0
8915,6175.0,1,2.0
8921,6180.0,8,29.0
8927,6185.0,7,25.0
8933,6190.0,4,8.0
8939,6195.0,3,9.0
8948,6200.0,2,18.0
8957,6205.0,2,3.0
8963,6210.0,7,28.0
8969,6215.0,7,25.0
8974,6220.0,5,12.0
8981,6225.0,6,16.0
8989,6230.0,3,19.0
8999,6235.0,2,2.0
9005,6240.0,7,24.0
9011,6245.0,8,21.0
9017,6250.0,5,10.0
9023,6255.0,3,8.0
9033,6260.0,2,17.0
9041,6265.0,2,2.0
9047,6270.0,6,22.0
9053,6275.0,8,25.0
9058,6280.0,5,11.0
9065,6285.0,3,11.0
9073,6290.0,2,20.0
9083,6295.0,3,35.0
9089,6300.0,0,0.0
9095,6305.0,6,20.0
9100,6310.0,6,18.0
9107,6315.0,4,5.0
9112,6320.0,3,9.0
9120,6325.0,3,17.0
9129,6330.0,0,0.0
9135,6335.0,6,16.0
9141,6340.0,6,17.0
9145,6345.0,3,6.0
9153,6350.0,2,6.0
9161,6355.0,2,14.0
9171,6360.0,0,0.0
9177,6365.0,6,18.0
9185,6370.0,4,14.0
9189,6375.0,2,3.0
9197,6380.0,2,7.0
9205,6385.0,2,16.0
9213,6390.0,1,1.0
9219,6395.0,6,21.0
9225,6400.0,8,24.0
9231,6405.0,4,8.0
9237,6410.0,3,8.0
9245,6415.0,2,15.0
9255,6420.0,1,2.0
9261,6425.0,6,20.0
9267,6430.0,7,21.0
9273,6435.0,5,10.0
9279,6440.0,1,7.0
9287,6445.0,3,18.0
9297,6450.0,2,2.0
9303,6455.0,6,23.0
9309,6460.0,6,18.0
9315,6465.0,3,5.0
9321,6470.0,3,9.0
9329,6475.0,4,18.0
9339,6480.0,2,2.0
9345,6485.0,6,18.0
9351,6490.0,6,17.0
9357,6495.0,3,5.0
9363,6500.0,3,7.0
9372,6505.0,2,16.0
9381,6510.0,2,2.0
9388,6515.0,5,20.0
9393,6520.0,7,19.0
9398,6525.0,4,12.0
9406,6530.0,4,6.0
9414,6535.0,10,33.0
9424,6540.0,8,32.0
9430,6545.0,4,9.0
9438,6550.0,3,10.0
9446,6555.0,3,20.0
9456,6560.0,2,2.0
9462,6565.0,7,25.0
9467,6570.0,5,18.0
9472,6575.0,3,7.0
9480,6580.0,3,12.0
9488,6585.0,3,21.0
9498,6590.0,1,1.0
9504,6595.0,6,22.0
9510,6600.0,8,24.0
9515,6605.0,4,6.0
9522,6610.0,2,7.0
9530,6615.0,4,19.0
9540,6620.0,1,3.0
9547,6625.0,7,26.0
9552,6630.0,6,20.0
9559,6635.0,4,7.0
9563,6640.0,2,7.0
9572,6645.0,3,19.0
9581,6650.0,1,2.0
9587,6655.0,7,26.0
9593,6660.0,5,20.0
9600,6665.0,4,8.0
9605,6670.0,2,11.0
9613,6675.0,3,22.0
9623,6680.0,2,2.0
9629,6685.0,6,24.0
9635,6690.0,6,22.0
9640,6695.0,3,7.0
9647,6700.0,2,10.0
9655,6705.0,3,21.0
9665,6710.0,1,2.0
9671,6715.0,6,22.0
9677,6720.0,6,18.0
9681,6725.0,4,9.0
9689,6730.0,2,9.0
9697,6735.0,3,21.0
9707,6740.0,2,3.0
9713,6745.0,8,29.0
9719,6750.0,8,28.0
9723,6755.0,6,17.0
9731,6760.0,3,11.0
9739,6765.0,3,21.0
9749,6770.0,0,0.0
9755,6775.0,6,15.0
9761,6780.0,7,20.0
9766,6785.0,4,9.0
9773,6790.0,2,9.0
9783,6795.0,3,20.0
9791,6800.0,1,2.0
9797,6805.0,6,21.0
9803,6810.0,6,19.0
9809,6815.0,4,8.0
9815,6820.0,2,9.0
9824,6825.0,3,20.0
9833,6830.0,0,0.0
9840,6835.0,6,16.0
9846,6840.0,5,12.0
9852,6845.0,4,8.0
9858,6850.0,2,10.0
9865,6855.0,3,22.0
9874,6860.0,1,1.0
9880,6865.0,5,18.0
9886,6870.0,6,19.0
9894,6875.0,4,9.0
9898,6880.0,4,14.0
9908,6885.0,3,23.0
9916,6890.0,1,1.0
9922,6895.0,6,24.0
9926,6900.0,6,19.0
9932,6905.0,3,4.0
9940,6910.0,2,8.0
9948,6915.0,4,21.0
9958,6920.0,1,2.0
9964,6925.0,7,27.0
9972,6930.0,8,26.0
9978,6935.0,5,10.0
9983,6940.0,4,14.0
9990,6945.0,3,21.0
10000,6950.0,3,6.0
10007,6955.0,7,30.0
10013,6960.0,8,30.0
10017,6965.0,8,21.0
10025,6970.0,6,17.0
10033,6975.0,4,23.0
10043,6980.0,2,2.0
10049,6985.0,6,22.0
10056,6990.0,7,18.0
10061,6995.0,5,8.0
10067,7000.0,2,8.0
10075,7005.0,2,18.0
10085,7010.0,1,1.0
10092,7015.0,6,20.0
10097,7020.0,8,21.0
10103,7025.0,3,5.0
10109,7030.0,3,10.0
10117,7035.0,3,20.0
10127,7040.0,1,1.0
10133,7045.0,6,21.0
10139,7050.0,7,22.0
10145,7055.0,4,7.0
10151,7060.0,4,12.0
10159,7065.0,3,20.0
10169,7070.0,4,36.0
10175,7075.0,1,1.0
10181,7080.0,6,18.0
10185,7085.0,6,18.0
10191,7090.0,4,9.0
10197,7095.0,1,5.0
10205,7100.0,3,16.0
10215,7105.0,3,30.0
10221,7110.0,1,1.0
10227,7115.0,6,18.0
10232,7120.0,4,10.0
10237,7125.0,2,2.0
10243,7130.0,1,5.0
10251,7135.0,2,14.0
10261,7140.0,1,1.0
10267,7145.0,5,18.0
10273,7150.0,5,12.0
10279,7155.0,3,4.0
10285,7160.0,1,7.0
10295,7165.0,2,16.0
10303,7170.0,1,1.0
10309,7175.0,7,24.0
10316,7180.0,6,18.0
10321,7185.0,4,9.0
10327,7190.0,1,7.0
10336,7195.0,2,17.0
10345,7200.0,2,2.0
10353,7205.0,8,28.0
10357,7210.0,7,26.0
10363,7215.0,4,7.0
10369,7220.0,2,7.0
10377,7225.0,3,15.0
10387,7230.0,2,3.0
10393,7235.0,6,23.0
10399,7240.0,13,76.0
10405,7245.0,13,77.0
10411,7250.0,11,43.0
10419,7255.0,12,48.0
10429,7260.0,7,43.0
10439,7265.0,4,47.0
10447,7270.0,1,2.0
10451,7275.0,7,26.0
10457,7280.0,7,28.0
10463,7285.0,5,13.0
10469,7290.0,3,6.0
10477,7295.0,7,30.0
10487,7300.0,8,30.0
10493,7305.0,5,16.0
10501,7310.0,3,10.0
10510,7315.0,2,18.0
10519,7320.0,3,32.0
10525,7325.0,1,1.0
10531,7330.0,6,22.0
10536,7335.0,8,22.0
10540,7340.0,6,17.0
10547,7345.0,4,6.0
10555,7350.0,10,37.0
10565,7355.0,9,35.0
10572,7360.0,5,12.0
10580,7365.0,4,11.0
10588,7370.0,3,16.0
10598,7375.0,3,30.0
10604,7380.0,2,2.0
10610,7385.0,6,21.0
10614,7390.0,7,20.0
10620,7395.0,4,6.0
10626,7400.0,2,7.0
10634,7405.0,2,17.0
10644,7410.0,3,31.0
10650,7415.0,4,5.0
10656,7420.0,8,31.0
10661,7425.0,10,32.0
10666,7430.0,6,21.0
10673,7435.0,5,10.0
10681,7440.0,11,45.0
10691,7445.0,10,44.0
10699,7450.0,7,18.0
10707,7455.0,5,16.0
10715,7460.0,4,20.0
10725,7465.0,3,31.0
10732,7470.0,0,0.0
10738,7475.0,7,21.0
10745,7480.0,7,21.0
10752,7485.0,4,8.0
10758,7490.0,2,6.0
10764,7495.0,2,15.0
10772,7500.0,2,3.0
10778,7505.0,7,26.0
10784,7510.0,6,22.0
10790,7515.0,4,6.0
10796,7520.0,3,9.0
10804,7525.0,3,16.0
10814,7530.0,3,30.0
10821,7535.0,1,1.0
10826,7540.0,6,19.0
10831,7545.0,6,19.0
10836,7550.0,4,10.0
10843,7555.0,5,12.0
10851,7560.0,10,48.0
10861,7565.0,11,49.0
10867,7570.0,9,33.0
10877,7575.0,7,22.0
10885,7580.0,7,27.0
10895,7585.0,3,33.0
10901,7590.0,0,0.0
10907,7595.0,6,20.0
10912,7600.0,6,18.0
10918,7605.0,4,7.0
10924,7610.0,2,7.0
10932,7615.0,1,1.0
10941,7620.0,7,22.0
10947,7625.0,6,23.0
10953,7630.0,4,9.0
10961,7635.0,1,7.0
10969,7640.0,2,17.0
10979,7645.0,3,32.0
10985,7650.0,2,3.0
10990,7655.0,8,28.0
10995,7660.0,8,30.0
11001,7665.0,4,8.0
11007,7670.0,1,5.0
11015,7675.0,2,14.0
11025,7680.0,3,27.0
11031,7685.0,2,3.0
11036,7690.0,8,30.0
11042,7695.0,8,27.0
11048,7700.0,5,16.0
11054,7705.0,2,3.0
11062,7710.0,9,31.0
11072,7715.0,9,35.0
11078,7720.0,8,25.0
11087,7725.0,5,16.0
11095,7730.0,6,26.0
11105,7735.0,0,0.0
11111,7740.0,7,19.0
11117,7745.0,5,17.0
11123,7750.0,3,5.0
11129,7755.0,2,6.0
11139,7760.0,2,15.0
11147,7765.0,1,2.0
11153,7770.0,6,22.0
11159,7775.0,7,19.0
11166,7780.0,4,8.0
11171,7785.0,2,9.0
11179,7790.0,3,18.0
11189,7795.0,2,2.0
11195,7800.0,7,26.0
11201,7805.0,8,26.0
11207,7810.0,5,7.0
11213,7815.0,3,9.0
11221,7820.0,2,15.0
11231,7825.0,2,3.0
11237,7830.0,6,24.0
11243,7835.0,7,23.0
11250,7840.0,6,13.0
11255,7845.0,2,8.0
11265,7850.0,2,18.0
11273,7855.0,2,2.0
11279,7860.0,5,21.0
11285,7865.0,5,15.0
11290,7870.0,1,1.0
11297,7875.0,2,7.0
11305,7880.0,3,16.0
11315,7885.0,2,3.0
11321,7890.0,7,26.0
11327,7895.0,8,24.0
11333,7900.0,5,9.0
11339,7905.0,4,11.0
11347,7910.0,2,18.0
11357,7915.0,0,0.0
11363,7920.0,5,16.0
11368,7925.0,6,16.0
11374,7930.0,3,6.0
11380,7935.0,3,9.0
11388,7940.0,3,19.0
11398,7945.0,0,0.0
11404,7950.0,6,20.0
11410,7955.0,7,20.0
11418,7960.0,4,6.0
11423,7965.0,1,6.0
11431,7970.0,3,17.0
11440,7975.0,2,3.0
11446,7980.0,7,24.0
11452,7985.0,6,26.0
11456,7990.0,5,7.0
11464,7995.0,5,12.0
11472,8000.0,2,17.0
11482,8005.0,1,1.0
11488,8010.0,7,28.0
11495,8015.0,6,23.0
11500,8020.0,5,16.0
11508,8025.0,3,10.0
11514,8030.0,3,19.0
11524,8035.0,0,0.0
11530,8040.0,5,13.0
11537,8045.0,6,16.0
11544,8050.0,3,4.0
11548,8055.0,1,7.0
11558,8060.0,2,17.0
11566,8065.0,1,1.0
11574,8070.0,5,18.0
11578,8075.0,6,14.0
11584,8080.0,2,4.0
11590,8085.0,2,8.0
11598,8090.0,2,18.0
11608,8095.0,0,0.0
11614,8100.0,8,23.0
11620,8105.0,8,25.0
11626,8110.0,6,14.0
11632,8115.0,2,7.0
11641,8120.0,2,16.0
11650,8125.0,1,1.0
11657,8130.0,6,20.0
11663,8135.0,6,18.0
11667,8140.0,4,8.0
11674,8145.0,3,9.0
11682,8150.0,2,18.0
11692,8155.0,0,0.0
11698,8160.0,5,15.0
11706,8165.0,11,56.0
11712,8170.0,11,54.0
11716,8175.0,9,31.0
11726,8180.0,8,27.0
11734,8185.0,7,30.0
11744,8190.0,1,1.0
11752,8195.0,5,19.0
11758,8200.0,5,13.0
11762,8205.0,1,1.0
11769,8210.0,1,5.0
11777,8215.0,3,15.0
11786,8220.0,1,2.0
11792,8225.0,6,25.0
11798,8230.0,6,20.0
11804,8235.0,3,5.0
11810,8240.0,3,7.0
11818,8245.0,2,15.0
11828,8250.0,0,0.0
11834,8255.0,6,18.0
11840,8260.0,6,18.0
11846,8265.0,5,14.0
11852,8270.0,3,5.0
11860,8275.0,8,30.0
11870,8280.0,9,32.0
11876,8285.0,6,11.0
11885,8290.0,4,12.0
11893,8295.0,3,20.0
11903,8300.0,1,2.0
11909,8305.0,7,25.0
11915,8310.0,8,27.0
11920,8315.0,5,22.0
11927,8320.0,5,16.0
11936,8325.0,5,26.0
11945,8330.0,1,1.0
11951,8335.0,8,26.0
11957,8340.0,7,28.0
11961,8345.0,5,12.0
11969,8350.0,2,9.0
11977,8355.0,4,22.0
11987,8360.0,1,1.0
11995,8365.0,6,20.0
11999,8370.0,6,18.0
12005,8375.0,3,7.0
12011,8380.0,3,12.0
12021,8385.0,3,22.0
12029,8390.0,1,1.0
12035,8395.0,6,21.0
12041,8400.0,7,22.0
12048,8405.0,5,13.0
12053,8410.0,4,13.0
12061,8415.0,3,21.0
12071,8420.0,1,1.0
12078,8425.0,6,20.0
12084,8430.0,5,18.0
12090,8435.0,5,13.0
12095,8440.0,3,12.0
12104,8445.0,3,21.0
12113,8450.0,0,0.0
12119,8455.0,6,17.0
12127,8460.0,7,22.0
12131,8465.0,4,8.0
12137,8470.0,3,9.0
12146,8475.0,4,21.0
12155,8480.0,0,0.0
12162,8485.0,6,19.0
12168,8490.0,5,16.0
12172,8495.0,5,13.0
12180,8500.0,3,11.0
12187,8505.0,3,22.0
12196,8510.0,0,0.0
12202,8515.0,5,17.0
12209,8520.0,6,19.0
12216,8525.0,3,5.0
12223,8530.0,2,11.0
12230,8535.0,3,23.0
12238,8540.0,0,0.0
12244,8545.0,6,21.0
12250,8550.0,8,23.0
12255,8555.0,4,9.0
12262,8560.0,5,15.0
12270,8565.0,2,20.0
12280,8570.0,1,2.0
12287,8575.0,6,21.0
12292,8580.0,6,15.0
12297,8585.0,4,6.0
12304,8590.0,3,11.0
12312,8595.0,4,22.0
12322,8600.0,2,3.0
12328,8605.0,6,25.0
12336,8610.0,6,18.0
12340,8615.0,4,8.0
12346,8620.0,3,11.0
12354,8625.0,4,22.0
12364,8630.0,1,1.0
12370,8635.0,6,23.0
12376,8640.0,6,18.0
12382,8645.0,4,9.0
12388,8650.0,2,9.0
12396,8655.0,3,21.0
12406,8660.0,1,2.0
12412,8665.0,8,26.0
12418,8670.0,7,31.0
12426,8675.0,7,18.0
12430,8680.0,4,13.0
12438,8685.0,2,19.0
12448,8690.0,1,1.0
12454,8695.0,7,26.0
12460,8700.0,8,26.0
12465,8705.0,5,9.0
12472,8710.0,5,13.0
12480,8715.0,4,21.0
12490,8720.0,2,3.0
12496,8725.0,6,27.0
12503,8730.0,7,21.0
12509,8735.0,4,9.0
12515,8740.0,3,12.0
12522,8745.0,3,21.0
12532,8750.0,1,1.0
12538,8755.0,5,19.0
12544,8760.0,5,17.0
12550,8765.0,3,6.0
12556,8770.0,3,10.0
12564,8775.0,3,20.0
12574,8780.0,2,3.0
12580,8785.0,8,29.0
12586,8790.0,6,25.0
12592,8795.0,5,12.0
12599,8800.0,4,15.0
12607,8805.0,4,23.0
12617,8810.0,1,2.0
12624,8815.0,7,24.0
12629,8820.0,7,22.0
12635,8825.0,5,11.0
12641,8830.0,2,10.0
12649,8835.0,3,21.0
12659,8840.0,1,2.0
12667,8845.0,6,23.0
12671,8850.0,5,16.0
12677,8855.0,4,8.0
12683,8860.0,3,11.0
12691,8865.0,2,20.0
12701,8870.0,0,0.0
12707,8875.0,6,20.0
12713,8880.0,7,20.0
12717,8885.0,4,9.0
12725,8890.0,3,11.0
12733,8895.0,4,22.0
12743,8900.0,1,1.0
12749,8905.0,5,17.0
12756,8910.0,7,18.0
12761,8915.0,4,8.0
12767,8920.0,3,11.0
12776,8925.0,3,20.0
12785,8930.0,2,2.0
12793,8935.0,9,27.0
12797,8940.0,6,22.0
12802,8945.0,4,7.0
12809,8950.0,3,10.0
12817,8955.0,5,22.0
12827,8960.0,1,2.0
12833,8965.0,6,21.0
12839,8970.0,7,22.0
12845,8975.0,5,10.0
12851,8980.0,3,12.0
12859,8985.0,2,20.0
12869,8990.0,4,36.0
12875,8995.0,2,2.0
12881,9000.0,7,27.0
12887,9005.0,7,28.0
12894,9010.0,4,10.0
12899,9015.0,2,9.0
12907,9020.0,3,20.0
12915,9025.0,2,3.0
12923,9030.0,7,25.0
12927,9035.0,7,21.0
12933,9040.0,2,3.0
12939,9045.0,1,7.0
12948,9050.0,3,18.0
12957,9055.0,2,5.0
12964,9060.0,7,30.0
12971,9065.0,8,27.0
12976,9070.0,5,13.0
12982,9075.0,4,14.0
12990,9080.0,4,22.0
13000,9085.0,1,1.0
13006,9090.0,6,20.0
13012,9095.0,6,18.0
13016,9100.0,3,4.0
13024,9105.0,2,9.0
13032,9110.0,2,19.0
13042,9115.0,3,33.0
13049,9120.0,1,1.0
13056,9125.0,6,17.0
13060,9130.0,5,15.0
13064,9135.0,3,4.0
13072,9140.0,2,7.0
13080,9145.0,2,17.0
13088,9150.0,1,1.0
13094,9155.0,6,22.0
13100,9160.0,7,20.0
13107,9165.0,3,5.0
13113,9170.0,1,5.0
13121,9175.0,3,15.0
13130,9180.0,1,2.0
13136,9185.0,7,26.0
13142,9190.0,7,24.0
13148,9195.0,5,8.0
13154,9200.0,2,7.0
13162,9205.0,4,17.0
13172,9210.0,1,1.0
13178,9215.0,6,22.0
13186,9220.0,7,21.0
13192,9225.0,3,4.0
13197,9230.0,2,5.0
13206,9235.0,2,14.0
13214,9240.0,1,1.0
13222,9245.0,7,23.0
13226,9250.0,9,28.0
13232,9255.0,6,18.0
13239,9260.0,3,4.0
13247,9265.0,8,37.0
13257,9270.0,8,36.0
13263,9275.0,7,16.0
13271,9280.0,6,19.0
13279,9285.0,4,23.0
13289,9290.0,1,2.0
13295,9295.0,7,24.0
13301,9300.0,7,25.0
13307,9305.0,4,7.0
13313,9310.0,3,10.0
13323,9315.0,3,21.0
13331,9320.0,1,1.0
13339,9325.0,6,21.0
13344,9330.0,7,21.0
13349,9335.0,3,7.0
13355,9340.0,2,8.0
13363,9345.0,3,20.0
13373,9350.0,1,1.0
13379,9355.0,6,21.0
13385,9360.0,6,19.0
13389,9365.0,5,12.0
13397,9370.0,4,13.0
13406,9375.0,3,21.0
13414,9380.0,0,0.0
13421,9385.0,7,22.0
13427,9390.0,7,23.0
13432,9395.0,4,7.0
13439,9400.0,2,9.0
13447,9405.0,2,19.0
13457,9410.0,1,1.0
13463,9415.0,7,24.0
13469,9420.0,7,25.0
13475,9425.0,3,8.0
13481,9430.0,4,14.0
13489,9435.0,4,24.0
13499,9440.0,0,0.0
13505,9445.0,6,20.0
13511,9450.0,7,19.0
13518,9455.0,4,10.0
13523,9460.0,3,10.0
13532,9465.0,3,19.0
13541,9470.0,2,3.0
13547,9475.0,8,30.0
13552,9480.0,8,30.0
13557,9485.0,5,13.0
13565,9490.0,5,15.0
13573,9495.0,3,21.0
13583,9500.0,2,2.0
13589,9505.0,6,21.0
13596,9510.0,8,24.0
13603,9515.0,4,10.0
13607,9520.0,4,12.0
13615,9525.0,4,22.0
13625,9530.0,1,1.0
13631,9535.0,6,20.0
13637,9540.0,6,20.0
13643,9545.0,4,10.0
13649,9550.0,4,6.0
13657,9555.0,7,29.0
13667,9560.0,9,33.0
13674,9565.0,5,18.0
13682,9570.0,3,18.0
13690,9575.0,4,30.0
13700,9580.0,1,1.0
13706,9585.0,7,22.0
13714,9590.0,6,21.0
13720,9595.0,4,11.0
13727,9600.0,3,6.0
13735,9605.0,7,30.0
13742,9610.0,8,31.0
13749,9615.0,7,18.0
13757,9620.0,3,9.0
13765,9625.0,3,18.0
13775,9630.0,1,2.0
13783,9635.0,8,26.0
13787,9640.0,9,30.0
13793,9645.0,6,13.0
13799,9650.0,3,5.0
13807,9655.0,7,26.0
13817,9660.0,8,30.0
13824,9665.0,6,13.0
13832,9670.0,4,16.0
13840,9675.0,4,25.0
13850,9680.0,0,0.0
13856,9685.0,7,20.0
13863,9690.0,6,19.0
13870,9695.0,4,8.0
13874,9700.0,2,9.0
13882,9705.0,3,20.0
13892,9710.0,1,2.0
13898,9715.0,7,18.0
13904,9720.0,8,21.0
13910,9725.0,5,11.0
13916,9730.0,3,11.0
13924,9735.0,3,22.0
13934,9740.0,1,1.0
13940,9745.0,6,23.0
13948,9750.0,7,20.0
13952,9755.0,5,9.0
13958,9760.0,3,11.0
13966,9765.0,3,19.0
13976,9770.0,2,4.0
13985,9775.0,7,33.0
13989,9780.0,6,22.0
13995,9785.0,4,9.0
14001,9790.0,2,9.0
14009,9795.0,5,21.0
14019,9800.0,3,7.0
14026,9805.0,8,35.0
14032,9810.0,8,29.0
14037,9815.0,7,19.0
14044,9820.0,6,17.0
14052,9825.0,3,6.0
14062,9830.0,10,39.0
14068,9835.0,9,39.0
14074,9840.0,7,17.0
14082,9845.0,4,15.0
14090,9850.0,2,3.0
14100,9855.0,7,30.0
14106,9860.0,8,28.0
14112,9865.0,6,16.0
14120,9870.0,6,21.0
14129,9875.0,2,2.0
14139,9880.0,6,21.0
14145,9885.0,12,69.0
14153,9890.0,13,73.0
14157,9895.0,10,47.0
14167,9900.0,8,29.0
14175,9905.0,11,39.0
14185,9910.0,5,19.0
14191,9915.0,4,5.0
14199,9920.0,1,5.0
14207,9925.0,3,8.0
14217,9930.0,8,38.0
14223,9935.0,8,36.0
14229,9940.0,6,13.0
14237,9945.0,3,10.0
14246,9950.0,2,17.0
14255,9955.0,1,1.0
14262,9960.0,6,22.0
14268,9965.0,13,74.0
14272,9970.0,14,75.0
14280,9975.0,9,42.0
14287,9980.0,8,23.0
14297,9985.0,7,29.0
14307,9990.0,0,0.0
14314,9995.0,6,17.0
14320,10000.0,6,20.0
14325,10005.0,2,3.0
14332,10010.0,1,5.0
14339,10015.0,2,15.0
14348,10020.0,1,1.0
14354,10025.0,6,24.0
14361,10030.0,7,20.0
14367,10035.0,2,3.0
14372,10040.0,1,5.0
14381,10045.0,3,16.0
14390,10050.0,2,2.0
14396,10055.0,6,22.0
14402,10060.0,7,22.0
14408,10065.0,2,3.0
14414,10070.0,2,7.0
14423,10075.0,2,14.0
14433,10080.0,3,6.0
14439,10085.0,7,33.0
14444,10090.0,8,25.0
14450,10095.0,4,10.0
14457,10100.0,4,9.0
14465,10105.0,2,15.0
14475,10110.0,0,0.0
14483,10115.0,6,14.0
14488,10120.0,5,15.0
14493,10125.0,3,4.0
14501,10130.0,2,8.0
14509,10135.0,2,17.0
14517,10140.0,1,1.0
14523,10145.0,6,20.0
14529,10150.0,6,19.0
14535,10155.0,3,4.0
14541,10160.0,1,5.0
14549,10165.0,3,16.0
14559,10170.0,2,3.0
14565,10175.0,7,29.0
14571,10180.0,12,83.0
14577,10185.0,13,77.0
14583,10190.0,10,44.0
14593,10195.0,10,33.0
14601,10200.0,12,49.0
14611,10205.0,8,33.0
14617,10210.0,5,13.0
14626,10215.0,5,13.0
14634,10220.0,3,19.0
14644,10225.0,1,2.0
14650,10230.0,7,26.0
14656,10235.0,8,27.0
14661,10240.0,7,17.0
14668,10245.0,5,14.0
14676,10250.0,3,19.0
14686,10255.0,1,1.0
14693,10260.0,6,19.0
14698,10265.0,5,15.0
14704,10270.0,3,6.0
14710,10275.0,2,7.0
14718,10280.0,5,18.0
14728,10285.0,2,4.0
14734,10290.0,7,27.0
14740,10295.0,6,24.0
14744,10300.0,5,11.0
14752,10305.0,3,8.0
14760,10310.0,2,17.0
14770,10315.0,1,1.0
14776,10320.0,7,22.0
14781,10325.0,7,24.0
14787,10330.0,4,6.0
14794,10335.0,1,7.0
14802,10340.0,2,16.0
14812,10345.0,2,2.0
14819,10350.0,7,26.0
14824,10355.0,7,27.0
14832,10360.0,6,12.0
14836,10365.0,3,11.0
14844,10370.0,2,19.0
14854,10375.0,1,1.0
14862,10380.0,5,19.0
14866,10385.0,7,21.0
14872,10390.0,4,6.0
14878,10395.0,2,8.0
14886,10400.0,2,18.0
14896,10405.0,0,0.0
14902,10410.0,5,13.0
14909,10415.0,5,11.0
14914,10420.0,2,3.0
14920,10425.0,2,8.0
14928,10430.0,3,18.0
14938,10435.0,3,5.0
14944,10440.0,8,34.0
14950,10445.0,8,31.0
14956,10450.0,5,10.0
14962,10455.0,4,11.0
14971,10460.0,2,17.0
14980,10465.0,2,2.0
14986,10470.0,6,24.0
14992,10475.0,7,19.0
15000,10480.0,5,8.0
15004,10485.0,2,7.0
15012,10490.0,3,17.0
15022,10495.0,0,0.0
15028,10500.0,7,24.0
15034,10505.0,8,30.0
15041,10510.0,4,8.0
15046,10515.0,3,9.0
15054,10520.0,2,17.0
15064,10525.0,1,1.0
15070,10530.0,5,18.0
15076,10535.0,5,14.0
15082,10540.0,5,8.0
15088,10545.0,3,9.0
15096,10550.0,3,18.0
15106,10555.0,1,1.0
15112,10560.0,7,24.0
15118,10565.0,7,22.0
15124,10570.0,6,11.0
15130,10575.0,3,10.0
15138,10580.0,2,18.0
15148,10585.0,1,1.0
15154,10590.0,7,22.0
15160,10595.0,6,19.0
15165,10600.0,3,10.0
15172,10605.0,4,10.0
15180,10610.0,3,17.0
15190,10615.0,1,1.0
15196,10620.0,6,21.0
15202,10625.0,7,22.0
15210,10630.0,4,9.0
15216,10635.0,2,9.0
15223,10640.0,3,19.0
15232,10645.0,2,3.0
15238,10650.0,8,29.0
15244,10655.0,6,21.0
15248,10660.0,4,9.0
15256,10665.0,3,11.0
15264,10670.0,3,21.0
15274,10675.0,0,0.0
15282,10680.0,7,23.0
15287,10685.0,6,17.0
15291,10690.0,3,6.0
15298,10695.0,2,9.0
15306,10700.0,3,19.0
15316,10705.0,2,2.0
15322,10710.0,8,29.0
15327,10715.0,7,27.0
15333,10720.0,4,5.0
15340,10725.0,1,6.0
15348,10730.0,3,17.0
15358,10735.0,3,5.0
15364,10740.0,8,36.0
15371,10745.0,9,37.0
15377,10750.0,5,16.0
15383,10755.0,3,9.0
15391,10760.0,3,18.0
15401,10765.0,1,2.0
15407,10770.0,7,25.0
15415,10775.0,6,20.0
15419,10780.0,4,7.0
15425,10785.0,2,8.0
15433,10790.0,2,2.0
15443,10795.0,8,23.0
15449,10800.0,7,25.0
15456,10805.0,6,10.0
15463,10810.0,4,11.0
15471,10815.0,4,20.0
15481,10820.0,2,3.0
15487,10825.0,7,27.0
15494,10830.0,7,24.0
15499,10835.0,5,12.0
15505,10840.0,4,11.0
15513,10845.0,2,3.0
15523,10850.0,7,29.0
15529,10855.0,8,27.0
15535,10860.0,4,8.0
15543,10865.0,4,15.0
15552,10870.0,1,1.0
15562,10875.0,8,25.0
15568,10880.0,8,25.0
15574,10885.0,7,19.0
15580,10890.0,4,15.0
15588,10895.0,2,4.0
15598,10900.0,7,31.0
15604,10905.0,8,26.0
15610,10910.0,5,15.0
15619,10915.0,4,8.0
15628,10920.0,8,28.0
15636,10925.0,8,25.0
15642,10930.0,6,18.0
15651,10935.0,5,16.0
15659,10940.0,4,7.0
15669,10945.0,7,31.0
15676,10950.0,8,29.0
15683,10955.0,5,9.0
15689,10960.0,2,9.0
15697,10965.0,3,3.0
15707,10970.0,8,28.0
15714,10975.0,7,27.0
15719,10980.0,5,12.0
15727,10985.0,3,14.0
15735,10990.0,2,3.0
15745,10995.0,7,27.0
15753,11000.0,8,26.0
15757,11005.0,5,13.0
15765,11010.0,6,13.0
15773,11015.0,10,43.0
15783,11020.0,10,43.0
15789,11025.0,7,22.0
15799,11030.0,5,13.0
15807,11035.0,4,9.0
15817,11040.0,8,24.0
15823,11045.0,8,28.0
15829,11050.0,6,13.0
15837,11055.0,4,10.0
15845,11060.0,3,5.0
15855,11065.0,7,29.0
15863,11070.0,8,27.0
15867,11075.0,6,11.0
15875,11080.0,3,10.0
15883,11085.0,3,21.0
15893,11090.0,2,3.0
15899,11095.0,7,27.0
15905,11100.0,7,25.0
15912,11105.0,5,11.0
15917,11110.0,3,11.0
15925,11115.0,1,2.0
15935,11120.0,7,27.0
15941,11125.0,8,27.0
15947,11130.0,4,12.0
15955,11135.0,4,16.0
15963,11140.0,3,5.0
15973,11145.0,7,31.0
15979,11150.0,6,25.0
15985,11155.0,6,14.0
15993,11160.0,5,8.0
16001,11165.0,8,27.0
16011,11170.0,6,20.0
16017,11175.0,4,5.0
16025,11180.0,3,3.0
16033,11185.0,8,27.0
16043,11190.0,5,20.0
16049,11195.0,4,5.0
16057,11200.0,2,10.0
16065,11205.0,2,3.0
16075,11210.0,6,24.0
16083,11215.0,6,18.0
16087,11220.0,4,7.0
16095,11225.0,3,11.0
16103,11230.0,3,4.0
16113,11235.0,7,27.0
16119,11240.0,9,28.0
16125,11245.0,5,13.0
16134,11250.0,4,6.0
16142,11255.0,7,28.0
16151,11260.0,7,27.0
16158,11265.0,5,11.0
16166,11270.0,4,7.0
16174,11275.0,8,31.0
16183,11280.0,8,34.0
16191,11285.0,5,13.0
16199,11290.0,4,9.0
16207,11295.0,11,39.0
16217,11300.0,10,37.0
16223,11305.0,7,23.0
16232,11310.0,7,20.0
16240,11315.0,9,39.0
16250,11320.0,9,38.0
16258,11325.0,6,19.0
16264,11330.0,5,8.0
16273,11335.0,7,27.0
16283,11340.0,7,25.0
16289,11345.0,4,6.0
16297,11350.0,1,1.0
16305,11355.0,6,20.0
16315,11360.0,6,18.0
16321,11365.0,3,8.0
16329,11370.0,2,3.0
16337,11375.0,8,28.0
16347,11380.0,8,27.0
16354,11385.0,5,16.0
16362,11390.0,5,9.0
16370,11395.0,8,35.0
16380,11400.0,8,28.0
16386,11405.0,5,11.0
16396,11410.0,3,8.0
16404,11415.0,9,33.0
16413,11420.0,8,30.0
16420,11425.0,5,15.0
16428,11430.0,4,6.0
16436,11435.0,7,25.0
16446,11440.0,7,23.0
16453,11445.0,5,7.0
16461,11450.0,3,9.0
16469,11455.0,1,2.0
16479,11460.0,8,28.0
16485,11465.0,8,32.0
16491,11470.0,6,12.0
16499,11475.0,3,8.0
16507,11480.0,3,4.0
16517,11485.0,8,29.0
16523,11490.0,8,29.0
16530,11495.0,5,13.0
16537,11500.0,3,10.0
16545,11505.0,2,5.0
16555,11510.0,7,31.0
16561,11515.0,6,23.0
16567,11520.0,5,10.0
16575,11525.0,2,12.0
16583,11530.0,3,6.0
16593,11535.0,7,29.0
16599,11540.0,9,29.0
16605,11545.0,7,22.0
16614,11550.0,5,11.0
16622,11555.0,9,36.0
16632,11560.0,8,31.0
16638,11565.0,5,12.0
16646,11570.0,4,10.0
16654,11575.0,3,5.0
16664,11580.0,9,37.0
16670,11585.0,8,31.0
16676,11590.0,6,13.0
16684,11595.0,4,10.0
16692,11600.0,3,5.0
16702,11605.0,8,35.0
16708,11610.0,7,29.0
16714,11615.0,4,9.0
16721,11620.0,5,13.0
16729,11625.0,2,3.0
16739,11630.0,8,29.0
16745,11635.0,9,34.0
16753,11640.0,6,12.0
16759,11645.0,5,6.0
16767,11650.0,9,36.0
16777,11655.0,10,38.0
16784,11660.0,6,21.0
16793,11665.0,3,6.0
16801,11670.0,9,28.0
16811,11675.0,7,25.0
16817,11680.0,4,8.0
16825,11685.0,3,11.0
16833,11690.0,3,3.0
16843,11695.0,8,27.0
16849,11700.0,6,23.0
16855,11705.0,3,7.0
16863,11710.0,4,11.0
16871,11715.0,2,3.0
16881,11720.0,9,32.0
16887,11725.0,8,31.0
16893,11730.0,6,17.0
16901,11735.0,3,4.0
16909,11740.0,7,27.0
16919,11745.0,8,28.0
16925,11750.0,6,17.0
16934,11755.0,3,6.0
16942,11760.0,7,20.0
16952,11765.0,6,20.0
16958,11770.0,3,6.0
16966,11775.0,4,10.0
16974,11780.0,9,41.0
16984,11785.0,9,37.0
16990,11790.0,8,26.0
17000,11795.0,9,19.0
17008,11800.0,10,37.0
17018,11805.0,9,34.0
17024,11810.0,5,13.0
17033,11815.0,5,24.0
17041,11820.0,3,4.0
17051,11825.0,7,28.0
17057,11830.0,7,26.0
17064,11835.0,6,10.0
17071,11840.0,5,10.0
17079,11845.0,7,33.0
17089,11850.0,9,30.0
17095,11855.0,6,14.0
17104,11860.0,5,15.0
17113,11865.0,2,3.0
17122,11870.0,6,22.0
17128,11875.0,13,74.0
17134,11880.0,14,81.0
17142,11885.0,11,52.0
17150,11890.0,12,45.0
17160,11895.0,7,18.0
17170,11900.0,7,29.0
17176,11905.0,7,25.0
17182,11910.0,5,12.0
17190,11915.0,4,14.0
17198,11920.0,4,4.0
17208,11925.0,7,27.0
17216,11930.0,9,31.0
17220,11935.0,6,18.0
17228,11940.0,5,17.0
17236,11945.0,2,3.0
17246,11950.0,9,31.0
17252,11955.0,10,36.0
17258,11960.0,8,27.0
17267,11965.0,6,13.0
17275,11970.0,7,28.0
17285,11975.0,9,31.0
17291,11980.0,6,12.0
17299,11985.0,4,16.0
17307,11990.0,4,7.0
17317,11995.0,8,36.0
17323,12000.0,8,31.0
17329,12005.0,5,10.0
17337,12010.0,5,13.0
17345,12015.0,2,2.0
17355,12020.0,6,24.0
17362,12025.0,6,19.0
17369,12030.0,3,7.0
17376,12035.0,2,2.0
17384,12040.0,7,23.0
17394,12045.0,9,24.0
17400,12050.0,3,12.0
17408,12055.0,2,2.0
17416,12060.0,8,24.0
17426,12065.0,12,71.0
17432,12070.0,13,71.0
17440,12075.0,11,44.0
17448,12080.0,9,41.0
17458,12085.0,7,17.0
17468,12090.0,7,24.0
17474,12095.0,7,26.0
17480,12100.0,6,12.0
17488,12105.0,2,8.0
17496,12110.0,4,6.0
17506,12115.0,6,27.0
17512,12120.0,7,20.0
17518,12125.0,6,13.0
17526,12130.0,2,9.0
17534,12135.0,3,3.0
17544,12140.0,7,26.0
17550,12145.0,9,31.0
17556,12150.0,7,16.0
17564,12155.0,4,16.0
17572,12160.0,3,4.0
17582,12165.0,7,27.0
17588,12170.0,13,81.0
17594,12175.0,14,80.0
17602,12180.0,12,49.0
17610,12185.0,10,41.0
17620,12190.0,6,18.0
17630,12195.0,6,18.0
17637,12200.0,7,19.0
17644,12205.0,5,9.0
17651,12210.0,2,13.0
17658,12215.0,3,26.0
17667,12220.0,2,3.0
17673,12225.0,6,24.0
17679,12230.0,7,19.0
17683,12235.0,5,12.0
17691,12240.0,2,2.0
17699,12245.0,8,26.0
17709,12250.0,7,26.0
17715,12255.0,4,7.0
17724,12260.0,3,9.0
17732,12265.0,3,4.0
17742,12270.0,7,26.0
17749,12275.0,7,25.0
17755,12280.0,4,8.0
17762,12285.0,2,8.0
17770,12290.0,4,7.0
17780,12295.0,9,40.0
17786,12300.0,8,33.0
17792,12305.0,7,18.0
17800,12310.0,4,13.0
17808,12315.0,2,2.0
17818,12320.0,7,28.0
17826,12325.0,8,28.0
17832,12330.0,4,11.0
17839,12335.0,6,10.0
17847,12340.0,12,41.0
17856,12345.0,10,39.0
17863,12350.0,6,18.0
17871,12355.0,4,6.0
17879,12360.0,8,24.0
17889,12365.0,7,25.0
17895,12370.0,4,8.0
17903,12375.0,4,11.0
17911,12380.0,1,1.0
17921,12385.0,6,18.0
17927,12390.0,6,19.0
17935,12395.0,3,7.0
17941,12400.0,3,3.0
17949,12405.0,7,21.0
17959,12410.0,7,21.0
17966,12415.0,4,9.0
17973,12420.0,3,4.0
17981,12425.0,9,37.0
17991,12430.0,9,39.0
17999,12435.0,7,20.0
18007,12440.0,7,28.0
18015,12445.0,2,2.0
18025,12450.0,7,21.0
18032,12455.0,6,20.0
18037,12460.0,3,5.0
18045,12465.0,1,7.0
18053,12470.0,2,5.0
18063,12475.0,7,30.0
18069,12480.0,8,25.0
18075,12485.0,4,8.0
18083,12490.0,4,12.0
18091,12495.0,2,4.0
18101,12500.0,9,32.0
18107,12505.0,9,35.0
18113,12510.0,5,16.0
18121,12515.0,6,19.0
18129,12520.0,3,6.0
18139,12525.0,8,30.0
18145,12530.0,8,27.0
18151,12535.0,6,19.0
18160,12540.0,3,6.0
18168,12545.0,9,38.0
18177,12550.0,10,40.0
18184,12555.0,6,16.0
18192,12560.0,5,16.0
18200,12565.0,3,7.0
18210,12570.0,8,32.0
18216,12575.0,8,33.0
18222,12580.0,5,10.0
18230,12585.0,3,8.0
18238,12590.0,2,3.0
18248,12595.0,8,31.0
18254,12600.0,8,33.0
18260,12605.0,5,11.0
18268,12610.0,4,11.0
18276,12615.0,3,5.0
18286,12620.0,6,25.0
18292,12625.0,7,26.0
18299,12630.0,3,9.0
18306,12635.0,2,13.0
18314,12640.0,2,2.0
18324,12645.0,9,30.0
18332,12650.0,7,33.0
18336,12655.0,5,13.0
18344,12660.0,4,9.0
18352,12665.0,10,40.0
18362,12670.0,9,36.0
18368,12675.0,5,9.0
18377,12680.0,5,16.0
18385,12685.0,3,6.0
18395,12690.0,8,24.0
18401,12695.0,8,29.0
18408,12700.0,6,11.0
18415,12705.0,4,12.0
18423,12710.0,3,4.0
18433,12715.0,8,31.0
18440,12720.0,8,32.0
18445,12725.0,6,15.0
18453,12730.0,6,20.0
18461,12735.0,3,4.0
18471,12740.0,7,29.0
18477,12745.0,7,25.0
18485,12750.0,5,11.0
18491,12755.0,4,6.0
18499,12760.0,11,44.0
18509,12765.0,12,53.0
18515,12770.0,8,29.0
18525,12775.0,7,27.0
18533,12780.0,5,34.0
18543,12785.0,1,1.0
18549,12790.0,6,22.0
18555,12795.0,8,23.0
18559,12800.0,4,12.0
18567,12805.0,3,18.0
18576,12810.0,1,2.0
18585,12815.0,9,31.0
18592,12820.0,8,29.0
18599,12825.0,3,9.0
18605,12830.0,3,7.0
18613,12835.0,1,2.0
18623,12840.0,7,26.0
18629,12845.0,9,27.0
18635,12850.0,6,13.0
18643,12855.0,5,13.0
18651,12860.0,5,6.0
18661,12865.0,6,25.0
18669,12870.0,6,20.0
18673,12875.0,5,10.0
18681,12880.0,2,10.0
18689,12885.0,1,3.0
18699,12890.0,7,28.0
18705,12895.0,8,29.0
18711,12900.0,6,16.0
18719,12905.0,5,14.0
18727,12910.0,3,5.0
18737,12915.0,7,28.0
18744,12920.0,6,26.0
18751,12925.0,4,13.0
18757,12930.0,3,7.0
18765,12935.0,9,40.0
18775,12940.0,9,39.0
18782,12945.0,6,16.0
18791,12950.0,7,15.0
18799,12955.0,3,5.0
18809,12960.0,7,26.0
18815,12965.0,6,21.0
18821,12970.0,4,9.0
18829,12975.0,2,10.0
18837,12980.0,2,18.0
18847,12985.0,2,2.0
18853,12990.0,6,25.0
18859,12995.0,7,21.0
18865,13000.0,3,5.0
18871,13005.0,2,8.0
18879,13010.0,2,18.0
18889,13015.0,2,3.0
18895,13020.0,9,32.0
18901,13025.0,8,29.0
18907,13030.0,5,13.0
18913,13035.0,3,11.0
18921,13040.0,3,20.0
18931,13045.0,2,2.0
18937,13050.0,7,27.0
18944,13055.0,8,24.0
18949,13060.0,5,8.0
18955,13065.0,4,9.0
18963,13070.0,2,4.0
18973,13075.0,8,31.0
18979,13080.0,8,27.0
18985,13085.0,5,13.0
18993,13090.0,3,13.0
19001,13095.0,4,21.0
19011,13100.0,0,0.0
19018,13105.0,6,18.0
19023,13110.0,7,20.0
19029,13115.0,3,5.0
19035,13120.0,2,8.0
19043,13125.0,2,17.0
19053,13130.0,2,3.0
19059,13135.0,7,28.0
19065,13140.0,6,24.0
19069,13145.0,4,8.0
19077,13150.0,4,13.0
19085,13155.0,3,21.0
19095,13160.0,2,2.0
19101,13165.0,6,23.0
19107,13170.0,7,19.0
19111,13175.0,4,8.0
19119,13180.0,2,9.0
19127,13185.0,4,21.0
19137,13190.0,2,4.0
19143,13195.0,8,33.0
19148,13200.0,8,32.0
19154,13205.0,5,11.0
19162,13210.0,6,15.0
19170,13215.0,2,4.0
19180,13220.0,7,30.0
19188,13225.0,8,30.0
19194,13230.0,5,16.0
19200,13235.0,4,17.0
19208,13240.0,2,2.0
19218,13245.0,8,27.0
19225,13250.0,7,26.0
19232,13255.0,5,12.0
19238,13260.0,3,4.0
19246,13265.0,10,29.0
19256,13270.0,8,32.0
19262,13275.0,6,12.0
19271,13280.0,6,14.0
19279,13285.0,1,1.0
19289,13290.0,8,26.0
19295,13295.0,8,25.0
19301,13300.0,6,16.0
19309,13305.0,5,12.0
19317,13310.0,2,2.0
19327,13315.0,6,18.0
19333,13320.0,5,16.0
19340,13325.0,4,8.0
19347,13330.0,2,9.0
19357,13335.0,2,3.0
19365,13340.0,7,29.0
19371,13345.0,7,24.0
19378,13350.0,4,9.0
19385,13355.0,2,14.0
19393,13360.0,2,3.0
19403,13365.0,9,31.0
19409,13370.0,8,30.0
19415,13375.0,6,16.0
19423,13380.0,5,19.0
19431,13385.0,1,1.0
19441,13390.0,7,21.0
19449,13395.0,7,25.0
19453,13400.0,5,11.0
19461,13405.0,2,16.0
19469,13410.0,2,2.0
19479,13415.0,8,25.0
19485,13420.0,8,27.0
19492,13425.0,5,11.0
19499,13430.0,2,6.0
19507,13435.0,3,3.0
19517,13440.0,6,24.0
19523,13445.0,7,21.0
19529,13450.0,3,4.0
19537,13455.0,2,7.0
19545,13460.0,2,2.0
19555,13465.0,9,33.0
19561,13470.0,8,34.0
19569,13475.0,6,18.0
19575,13480.0,4,13.0
19583,13485.0,4,25.0
19593,13490.0,2,4.0
19600,13495.0,7,28.0
19608,13500.0,6,21.0
19612,13505.0,4,6.0
19618,13510.0,3,10.0
19626,13515.0,2,4.0
19636,13520.0,8,31.0
19642,13525.0,8,27.0
19648,13530.0,4,11.0
19656,13535.0,3,13.0
19664,13540.0,3,24.0
19674,13545.0,1,1.0
19680,13550.0,6,19.0
19686,13555.0,6,16.0
19692,13560.0,4,10.0
19698,13565.0,4,17.0
19707,13570.0,3,24.0
19716,13575.0,0,0.0
19722,13580.0,6,16.0
19728,13585.0,5,15.0
19734,13590.0,3,7.0
19740,13595.0,2,12.0
19748,13600.0,4,26.0
19758,13605.0,0,0.0
19764,13610.0,7,20.0
19770,13615.0,6,17.0
19778,13620.0,4,7.0
19783,13625.0,2,10.0
19790,13630.0,4,22.0
19800,13635.0,1,1.0
19806,13640.0,6,21.0
19810,13645.0,5,16.0
19816,13650.0,3,6.0
19823,13655.0,2,12.0
19832,13660.0,3,24.0
19841,13665.0,1,2.0
19848,13670.0,6,23.0
19854,13675.0,5,16.0
19859,13680.0,3,7.0
19865,13685.0,3,13.0
19873,13690.0,3,24.0
19883,13695.0,1,1.0
19891,13700.0,5,22.0
19895,13705.0,6,19.0
19901,13710.0,4,10.0
19908,13715.0,4,18.0
19916,13720.0,3,26.0
19925,13725.0,1,2.0
19931,13730.0,7,26.0
19937,13735.0,8,25.0
19941,13740.0,6,15.0
19949,13745.0,3,16.0
19957,13750.0,3,27.0
19967,13755.0,1,1.0
19974,13760.0,6,21.0
19979,13765.0,6,19.0
19986,13770.0,4,6.0
19991,13775.0,2,11.0
19999,13780.0,5,26.0
20009,13785.0,0,0.0
20016,13790.0,8,22.0
20022,13795.0,7,23.0
20026,13800.0,5,12.0
20033,13805.0,4,14.0
20041,13810.0,4,23.0
20051,13815.0,2,3.0
20057,13820.0,8,29.0
20064,13825.0,6,26.0
20069,13830.0,4,8.0
20075,13835.0,2,10.0
20083,13840.0,3,22.0
20093,13845.0,1,1.0
20099,13850.0,6,22.0
20104,13855.0,6,18.0
20109,13860.0,4,10.0
20116,13865.0,3,13.0
20124,13870.0,4,26.0
20134,13875.0,2,2.0
20140,13880.0,8,29.0
20147,13885.0,7,26.0
20152,13890.0,5,14.0
20158,13895.0,4,14.0
20167,13900.0,3,23.0
20176,13905.0,1,1.0
20182,13910.0,7,22.0
20188,13915.0,8,22.0
20193,13920.0,4,9.0
20200,13925.0,2,9.0
20208,13930.0,4,22.0
20218,13935.0,1,1.0
20224,13940.0,6,21.0
20232,13945.0,12,72.0
20236,13950.0,12,68.0
20242,13955.0,9,35.0
20250,13960.0,11,33.0
20260,13965.0,7,34.0
20270,13970.0,0,0.0
20276,13975.0,7,24.0
20283,13980.0,7,22.0
20287,13985.0,4,8.0
20294,13990.0,3,10.0
20302,13995.0,3,20.0
20312,14000.0,1,1.0
20318,14005.0,7,19.0
20324,14010.0,7,20.0
20330,14015.0,3,7.0
20336,14020.0,3,10.0
20344,14025.0,3,20.0
20354,14030.0,2,3.0
20360,14035.0,7,29.0
20366,14040.0,6,25.0
20374,14045.0,5,10.0
20378,14050.0,3,10.0
20386,14055.0,1,1.0
20396,14060.0,6,22.0
20402,14065.0,7,23.0
20408,14070.0,4,9.0
20416,14075.0,4,13.0
20424,14080.0,3,23.0
20434,14085.0,1,1.0
20440,14090.0,6,20.0
20446,14095.0,6,18.0
20450,14100.0,3,7.0
20458,14105.0,2,11.0
20466,14110.0,4,24.0
20476,14115.0,1,1.0
20482,14120.0,7,23.0
20488,14125.0,6,23.0
20494,14130.0,4,6.0
20500,14135.0,5,15.0
20508,14140.0,3,23.0
20518,14145.0,1,1.0
20524,14150.0,6,21.0
20532,14155.0,6,19.0
20536,14160.0,3,6.0
20542,14165.0,2,10.0
20551,14170.0,4,23.0
20560,14175.0,2,3.0
20567,14180.0,6,24.0
20573,14185.0,7,18.0
20578,14190.0,4,8.0
20584,14195.0,3,12.0
20592,14200.0,4,24.0
20602,14205.0,2,2.0
20608,14210.0,7,26.0
20613,14215.0,7,29.0
20618,14220.0,7,18.0
20626,14225.0,3,13.0
20634,14230.0,3,25.0
20644,14235.0,1,2.0
20650,14240.0,7,25.0
20656,14245.0,7,26.0
20661,14250.0,5,13.0
20668,14255.0,4,14.0
20676,14260.0,3,25.0
20686,14265.0,0,0.0
20694,14270.0,6,20.0
20698,14275.0,7,22.0
20704,14280.0,2,6.0
20710,14285.0,2,12.0
20718,14290.0,3,24.0
20728,14295.0,0,0.0
20734,14300.0,6,16.0
20740,14305.0,7,16.0
20746,14310.0,5,11.0
20752,14315.0,2,12.0
20760,14320.0,4,25.0
20770,14325.0,1,1.0
20776,14330.0,7,22.0
20782,14335.0,8,25.0
20788,14340.0,6,12.0
20794,14345.0,3,12.0
20802,14350.0,3,21.0
20812,14355.0,3,4.0
20818,14360.0,7,29.0
20826,14365.0,8,26.0
20832,14370.0,5,14.0
20838,14375.0,3,13.0
20846,14380.0,2,3.0
20854,14385.0,7,30.0
20860,14390.0,7,26.0
20866,14395.0,6,15.0
20874,14400.0,3,15.0
20882,14405.0,3,27.0
20892,14410.0,1,1.0
20899,14415.0,7,22.0
20905,14420.0,6,21.0
20909,14425.0,3,8.0
20915,14430.0,4,17.0
20925,14435.0,3,27.0
20933,14440.0,1,1.0
20939,14445.0,6,21.0
20946,14450.0,7,22.0
20952,14455.0,5,11.0
20958,14460.0,3,15.0
20966,14465.0,4,27.0
20975,14470.0,3,5.0
20982,14475.0,7,32.0
20986,14480.0,6,21.0
20992,14485.0,4,9.0
20999,14490.0,4,17.0
21007,14495.0,4,29.0
21017,14500.0,1,2.0
21023,14505.0,6,21.0
21030,14510.0,6,18.0
21037,14515.0,6,15.0
21041,14520.0,2,3.0
21049,14525.0,7,31.0
21059,14530.0,8,30.0
21066,14535.0,7,12.0
21074,14540.0,4,12.0
21082,14545.0,3,16.0
21092,14550.0,1,2.0
21098,14555.0,6,21.0
21104,14560.0,7,19.0
21110,14565.0,3,5.0
21116,14570.0,1,5.0
21124,14575.0,3,16.0
21134,14580.0,0,0.0
21140,14585.0,7,21.0
21147,14590.0,7,23.0
21154,14595.0,6,10.0
21158,14600.0,1,6.0
21166,14605.0,3,17.0
21176,14610.0,0,0.0
21182,14615.0,5,16.0
21188,14620.0,7,18.0
21193,14625.0,1,1.0
21201,14630.0,1,5.0
21208,14635.0,3,14.0
21218,14640.0,1,2.0
21225,14645.0,6,22.0
21230,14650.0,7,17.0
21236,14655.0,4,6.0
21242,14660.0,1,6.0
21250,14665.0,2,15.0
21260,14670.0,2,4.0
21267,14675.0,7,28.0
21273,14680.0,7,22.0
21277,14685.0,4,7.0
21284,14690.0,2,7.0
21292,14695.0,3,17.0
21301,14700.0,0,0.0
21307,14705.0,6,21.0
21315,14710.0,8,22.0
21320,14715.0,3,5.0
21327,14720.0,2,8.0
21335,14725.0,2,4.0
21343,14730.0,6,27.0
21349,14735.0,7,23.0
21357,14740.0,6,14.0
21363,14745.0,1,8.0
21371,14750.0,2,4.0
21381,14755.0,7,28.0
21388,14760.0,8,26.0
21393,14765.0,5,15.0
21401,14770.0,3,13.0
21409,14775.0,4,24.0
21419,14780.0,2,2.0
21425,14785.0,6,22.0
21431,14790.0,8,23.0
21435,14795.0,6,10.0
21443,14800.0,4,12.0
21451,14805.0,2,20.0
21461,14810.0,3,5.0
21470,14815.0,9,33.0
21474,14820.0,8,32.0
21480,14825.0,6,15.0
21486,14830.0,2,8.0
21494,14835.0,5,22.0
21503,14840.0,0,0.0
21511,14845.0,6,20.0
21517,14850.0,6,18.0
21521,14855.0,3,8.0
21527,14860.0,2,11.0
21537,14865.0,2,21.0
21545,14870.0,1,2.0
21553,14875.0,7,27.0
21558,14880.0,7,26.0
21562,14885.0,7,12.0
21570,14890.0,4,12.0
21580,14895.0,4,18.0
21588,14900.0,1,2.0
21595,14905.0,6,21.0
21600,14910.0,5,15.0
21606,14915.0,4,10.0
21612,14920.0,3,13.0
21621,14925.0,3,23.0
21630,14930.0,1,1.0
21636,14935.0,7,26.0
21642,14940.0,8,26.0
21648,14945.0,4,9.0
21654,14950.0,3,10.0
21662,14955.0,5,23.0
21672,14960.0,0,0.0
21678,14965.0,6,17.0
21684,14970.0,8,24.0
21688,14975.0,5,8.0
21696,14980.0,4,12.0
21704,14985.0,4,21.0
21714,14990.0,3,35.0
21720,14995.0,1,1.0
21726,15000.0,6,20.0
21730,15005.0,6,18.0
21735,15010.0,4,6.0
21742,15015.0,3,9.0
21750,15020.0,2,18.0
21760,15025.0,2,2.0
21766,15030.0,6,21.0
21772,15035.0,7,22.0
21777,15040.0,3,5.0
21784,15045.0,5,6.0
21792,15050.0,7,30.0
21802,15055.0,9,29.0
21809,15060.0,6,19.0
21817,15065.0,7,24.0
21825,15070.0,3,23.0
21835,15075.0,2,2.0
21841,15080.0,7,23.0
21847,15085.0,7,22.0
21855,15090.0,4,9.0
21861,15095.0,2,13.0
21869,15100.0,1,1.0
21877,15105.0,6,22.0
21883,15110.0,6,20.0
21890,15115.0,5,12.0
21897,15120.0,3,14.0
21905,15125.0,3,26.0
21915,15130.0,2,3.0
21923,15135.0,7,27.0
21927,15140.0,6,20.0
21933,15145.0,4,9.0
21939,15150.0,4,17.0
21949,15155.0,3,27.0
21956,15160.0,2,2.0
21963,15165.0,8,28.0
21970,15170.0,7,28.0
21975,15175.0,5,13.0
21981,15180.0,2,2.0
21989,15185.0,7,26.0
21999,15190.0,6,21.0
22006,15195.0,4,6.0
22013,15200.0,2,6.0
22021,15205.0,4,15.0
22031,15210.0,2,4.0
22037,15215.0,7,31.0
22045,15220.0,7,28.0
22049,15225.0,5,12.0
22055,15230.0,3,9.0
22063,15235.0,2,15.0
22073,15240.0,1,2.0
22079,15245.0,6,20.0
22084,15250.0,6,19.0
22090,15255.0,2,4.0
22097,15260.0,2,7.0
22105,15265.0,2,15.0
22115,15270.0,1,1.0
22123,15275.0,6,19.0
22129,15280.0,5,18.0
22135,15285.0,4,7.0
22139,15290.0,2,8.0
22149,15295.0,2,16.0
22157,15300.0,1,1.0
22163,15305.0,6,20.0
22169,15310.0,8,23.0
22177,15315.0,4,5.0
22181,15320.0,1,6.0
22191,15325.0,2,15.0
22199,15330.0,2,2.0
22205,15335.0,8,27.0
22212,15340.0,7,23.0
22216,15345.0,3,5.0
22224,15350.0,1,6.0
22232,15355.0,2,15.0
22241,15360.0,2,3.0
22248,15365.0,6,26.0
22253,15370.0,7,22.0
22260,15375.0,3,6.0
22266,15380.0,2,6.0
22273,15385.0,2,15.0
22283,15390.0,1,2.0
22289,15395.0,6,27.0
22296,15400.0,7,21.0
22301,15405.0,5,10.0
22307,15410.0,3,10.0
22315,15415.0,3,16.0
22325,15420.0,1,1.0
22331,15425.0,7,24.0
22336,15430.0,6,23.0
22341,15435.0,5,8.0
22349,15440.0,2,10.0
22357,15445.0,2,17.0
22367,15450.0,0,0.0
22374,15455.0,6,20.0
22380,15460.0,7,21.0
22384,15465.0,4,10.0
22391,15470.0,1,6.0
22399,15475.0,2,16.0
22409,15480.0,1,2.0
22415,15485.0,7,25.0
22421,15490.0,6,18.0
22427,15495.0,3,4.0
22433,15500.0,1,6.0
22443,15505.0,2,16.0
22451,15510.0,2,2.0
22457,15515.0,7,28.0
22463,15520.0,7,24.0
22467,15525.0,5,12.0
22475,15530.0,3,9.0
22483,15535.0,3,16.0
22493,15540.0,1,1.0
22499,15545.0,6,17.0
22505,15550.0,7,21.0
22511,15555.0,5,10.0
22517,15560.0,2,7.0
22525,15565.0,2,16.0
22535,15570.0,2,3.0
22541,15575.0,8,30.0
22547,15580.0,6,26.0
22553,15585.0,3,7.0
22559,15590.0,2,6.0
22567,15595.0,2,12.0
22577,15600.0,1,1.0
22583,15605.0,6,22.0
22589,15610.0,7,21.0
22595,15615.0,5,9.0
22601,15620.0,4,10.0
22609,15625.0,2,15.0
22619,15630.0,2,3.0
22625,15635.0,6,24.0
22631,15640.0,6,20.0
22637,15645.0,3,5.0
22643,15650.0,4,7.0
22651,15655.0,7,29.0
22661,15660.0,8,28.0
22667,15665.0,5,10.0
22676,15670.0,5,13.0
22684,15675.0,6,24.0
22694,15680.0,3,36.0
22701,15685.0,2,2.0
22707,15690.0,8,28.0
22713,15695.0,14,87.0
22719,15700.0,16,95.0
22723,15705.0,12,61.0
22732,15710.0,11,55.0
22741,15715.0,5,14.0
22751,15720.0,7,30.0
22757,15725.0,8,28.0
22763,15730.0,5,10.0
22771,15735.0,5,11.0
22779,15740.0,1,1.0
22789,15745.0,6,21.0
22795,15750.0,6,19.0
22801,15755.0,2,5.0
22809,15760.0,3,12.0
22817,15765.0,2,2.0
22827,15770.0,7,27.0
22833,15775.0,14,84.0
22839,15780.0,15,88.0
22847,15785.0,10,51.0
22855,15790.0,12,47.0
22865,15795.0,8,27.0
22875,15800.0,8,32.0
22881,15805.0,8,29.0
22887,15810.0,6,19.0
22895,15815.0,6,20.0
22903,15820.0,4,4.0
22913,15825.0,8,29.0
22919,15830.0,7,27.0
22925,15835.0,7,16.0
22933,15840.0,4,18.0
22941,15845.0,1,1.0
22951,15850.0,7,24.0
22957,15855.0,9,26.0
22963,15860.0,6,13.0
22971,15865.0,3,19.0
22979,15870.0,1,1.0
22989,15875.0,6,22.0
22995,15880.0,8,23.0
23000,15885.0,4,9.0
23008,15890.0,3,9.0
23016,15895.0,3,4.0
23026,15900.0,8,31.0
23032,15905.0,7,27.0
23039,15910.0,4,10.0
23046,15915.0,3,8.0
23054,15920.0,3,5.0
23064,15925.0,9,34.0
23070,15930.0,7,31.0
23076,15935.0,5,10.0
23084,15940.0,3,11.0
23092,15945.0,3,3.0
23102,15950.0,8,24.0
23108,15955.0,8,29.0
23114,15960.0,4,10.0
23121,15965.0,4,15.0
23129,15970.0,2,4.0
23139,15975.0,7,27.0
23145,15980.0,8,25.0
23152,15985.0,6,18.0
23159,15990.0,5,21.0
23167,15995.0,1,1.0
23177,16000.0,6,23.0
23183,16005.0,8,23.0
23189,16010.0,6,16.0
23197,16015.0,5,20.0
23205,16020.0,3,3.0
23215,16025.0,7,25.0
23221,16030.0,7,27.0
23227,16035.0,5,10.0
23235,16040.0,4,10.0
23243,16045.0,2,5.0
23253,16050.0,8,34.0
23259,16055.0,8,32.0
23265,16060.0,5,14.0
23273,16065.0,5,13.0
23281,16070.0,2,3.0
23291,16075.0,7,26.0
23299,16080.0,7,24.0
23303,16085.0,5,14.0
23311,16090.0,6,16.0
23319,16095.0,3,22.0
23329,16100.0,3,37.0
23335,16105.0,1,1.0
23341,16110.0,6,21.0
23346,16115.0,6,20.0
23351,16120.0,4,5.0
23357,16125.0,3,8.0
23365,16130.0,2,5.0
23375,16135.0,7,30.0
23381,16140.0,7,22.0
23387,16145.0,5,10.0
23395,16150.0,5,14.0
23403,16155.0,3,5.0
23413,16160.0,9,35.0
23419,16165.0,8,30.0
23425,16170.0,6,16.0
23433,16175.0,4,15.0
23441,16180.0,2,2.0
23451,16185.0,8,27.0
23458,16190.0,14,89.0
23463,16195.0,16,100.0
23471,16200.0,13,79.0
23479,16205.0,12,52.0
23489,16210.0,6,24.0
23499,16215.0,7,23.0
23505,16220.0,7,25.0
23511,16225.0,5,12.0
23519,16230.0,3,14.0
23527,16235.0,3,3.0
23537,16240.0,6,28.0
23543,16245.0,7,21.0
23551,16250.0,5,12.0
23558,16255.0,4,7.0
23566,16260.0,6,27.0
23575,16265.0,8,27.0
23582,16270.0,6,12.0
23590,16275.0,3,10.0
23598,16280.0,5,5.0
23608,16285.0,6,27.0
23615,16290.0,6,23.0
23620,16295.0,4,11.0
23628,16300.0,3,12.0
23636,16305.0,3,4.0
23646,16310.0,7,26.0
23652,16315.0,8,26.0
23659,16320.0,6,21.0
23666,16325.0,2,13.0
23674,16330.0,4,4.0
23684,16335.0,9,30.0
23690,16340.0,8,31.0
23696,16345.0,5,14.0
23704,16350.0,5,17.0
23712,16355.0,1,2.0
23722,16360.0,7,26.0
23728,16365.0,8,26.0
23734,16370.0,5,13.0
23742,16375.0,5,20.0
23750,16380.0,3,4.0
23760,16385.0,8,30.0
23768,16390.0,8,29.0
23772,16395.0,7,14.0
23780,16400.0,3,8.0
23788,16405.0,2,4.0
23798,16410.0,8,35.0
23804,16415.0,9,34.0
23810,16420.0,5,10.0
23818,16425.0,3,11.0
23826,16430.0,3,6.0
23836,16435.0,9,33.0
23842,16440.0,8,30.0
23849,16445.0,4,8.0
23856,16450.0,4,12.0
23864,16455.0,3,6.0
23874,16460.0,7,29.0
23880,16465.0,10,25.0
23887,16470.0,5,13.0
23894,16475.0,5,16.0
23902,16480.0,3,23.0
23912,16485.0,4,39.0
23918,16490.0,1,3.0
23924,16495.0,7,27.0
23929,16500.0,6,23.0
23934,16505.0,5,10.0
23941,16510.0,4,14.0
23949,16515.0,2,20.0
23959,16520.0,3,34.0
23965,16525.0,1,1.0
23971,16530.0,6,20.0
23976,16535.0,7,19.0
23980,16540.0,5,8.0
23987,16545.0,1,7.0
23995,16550.0,2,17.0
24005,16555.0,3,32.0
24012,16560.0,0,0.0
24018,16565.0,7,21.0
24023,16570.0,6,22.0
24028,16575.0,3,5.0
24034,16580.0,1,7.0
24043,16585.0,1,3.0
24052,16590.0,8,30.0
24058,16595.0,8,28.0
24064,16600.0,4,6.0
24072,16605.0,2,7.0
24080,16610.0,3,17.0
24090,16615.0,3,32.0
24096,16620.0,1,1.0
24102,16625.0,6,18.0
24108,16630.0,7,17.0
24114,16635.0,5,7.0
24120,16640.0,2,8.0
24128,16645.0,2,2.0
24136,16650.0,7,29.0
24142,16655.0,7,24.0
24148,16660.0,4,8.0
24156,16665.0,4,12.0
24164,16670.0,2,3.0
24174,16675.0,7,27.0
24180,16680.0,7,23.0
24188,16685.0,4,10.0
24194,16690.0,3,12.0
24202,16695.0,3,3.0
24212,16700.0,8,28.0
24218,16705.0,9,32.0
24226,16710.0,5,16.0
24232,16715.0,4,14.0
24240,16720.0,3,4.0
24250,16725.0,8,32.0
24256,16730.0,7,29.0
24262,16735.0,5,15.0
24270,16740.0,5,20.0
24278,16745.0,3,4.0
24288,16750.0,7,24.0
24294,16755.0,7,25.0
24301,16760.0,4,11.0
24308,16765.0,4,17.0
24316,16770.0,1,2.0
24326,16775.0,7,27.0
24332,16780.0,7,22.0
24338,16785.0,5,7.0
24346,16790.0,1,6.0
24354,16795.0,2,2.0
24364,16800.0,8,29.0
24370,16805.0,8,28.0
24376,16810.0,5,12.0
24384,16815.0,5,13.0
24392,16820.0,4,5.0
24402,16825.0,7,27.0
24408,16830.0,8,28.0
24416,16835.0,5,12.0
24422,16840.0,5,17.0
24431,16845.0,1,1.0
24441,16850.0,7,19.0
24447,16855.0,8,24.0
24453,16860.0,4,9.0
24459,16865.0,3,15.0
24467,16870.0,2,4.0
24477,16875.0,8,30.0
24483,16880.0,8,29.0
24491,16885.0,7,24.0
24497,16890.0,3,8.0
24505,16895.0,8,31.0
24515,16900.0,8,30.0
24521,16905.0,4,8.0
24529,16910.0,2,9.0
24538,16915.0,3,4.0
24548,16920.0,8,28.0
24556,16925.0,7,27.0
24560,16930.0,6,13.0
24568,16935.0,3,9.0
24576,16940.0,2,4.0
24586,16945.0,8,31.0
24592,16950.0,8,30.0
24598,16955.0,6,15.0
24606,16960.0,4,11.0
24614,16965.0,3,4.0
24624,16970.0,7,29.0
24630,16975.0,7,23.0
24636,16980.0,4,8.0
24644,16985.0,4,13.0
24653,16990.0,3,4.0
24661,16995.0,8,28.0
24668,17000.0,8,28.0
24674,17005.0,5,13.0
24682,17010.0,5,20.0
24690,17015.0,3,4.0
24700,17020.0,7,25.0
24706,17025.0,7,25.0
24712,17030.0,5,14.0
24720,17035.0,6,12.0
24728,17040.0,12,44.0
24738,17045.0,9,37.0
24744,17050.0,7,17.0
24754,17055.0,7,20.0
24762,17060.0,3,5.0
24772,17065.0,8,31.0
24778,17070.0,8,33.0
24784,17075.0,5,15.0
24791,17080.0,4,16.0
24800,17085.0,4,5.0
24809,17090.0,8,29.0
24815,17095.0,8,26.0
24823,17100.0,5,9.0
24829,17105.0,2,12.0
24837,17110.0,4,25.0
24847,17115.0,3,39.0
24853,17120.0,1,2.0
24860,17125.0,7,27.0
24865,17130.0,6,23.0
24871,17135.0,4,9.0
24877,17140.0,3,10.0
24885,17145.0,3,5.0
24894,17150.0,9,36.0
24900,17155.0,10,39.0
24906,17160.0,9,31.0
24914,17165.0,5,18.0
24922,17170.0,4,7.0
24932,17175.0,7,29.0
24938,17180.0,9,28.0
24944,17185.0,5,14.0
24952,17190.0,3,15.0
24960,17195.0,2,3.0
24970,17200.0,7,28.0
24976,17205.0,14,84.0
24982,17210.0,15,88.0
24990,17215.0,11,59.0
24998,17220.0,12,53.0
25008,17225.0,6,20.0
25018,17230.0,8,34.0
25024,17235.0,9,32.0
25030,17240.0,7,24.0
25038,17245.0,6,22.0
25046,17250.0,4,5.0
25056,17255.0,7,24.0
25064,17260.0,6,23.0
25068,17265.0,6,9.0
25076,17270.0,4,10.0
25084,17275.0,2,2.0
25094,17280.0,8,30.0
25100,17285.0,8,31.0
25106,17290.0,6,15.0
25114,17295.0,6,14.0
25122,17300.0,9,36.0
25132,17305.0,9,30.0
25138,17310.0,6,18.0
25146,17315.0,5,19.0
25155,17320.0,1,1.0
25165,17325.0,7,22.0
25171,17330.0,8,24.0
25177,17335.0,5,10.0
25185,17340.0,3,15.0
25193,17345.0,2,4.0
25203,17350.0,7,26.0
25209,17355.0,7,24.0
25215,17360.0,6,16.0
25222,17365.0,5,22.0
25230,17370.0,4,5.0
25240,17375.0,6,25.0
25246,17380.0,8,24.0
25252,17385.0,5,15.0
25260,17390.0,5,24.0
25268,17395.0,2,4.0
25278,17400.0,8,35.0
25284,17405.0,8,29.0
25292,17410.0,5,12.0
25298,17415.0,3,11.0
25306,17420.0,2,4.0
25316,17425.0,8,32.0
25322,17430.0,8,32.0
25328,17435.0,7,14.0
25336,17440.0,4,11.0
25345,17445.0,2,3.0
25355,17450.0,7,23.0
25361,17455.0,6,17.0
25367,17460.0,3,8.0
25375,17465.0,2,13.0
25383,17470.0,3,5.0
25391,17475.0,8,32.0
25397,17480.0,9,31.0
25403,17485.0,5,20.0
25411,17490.0,4,16.0
25419,17495.0,2,3.0
25429,17500.0,7,27.0
25435,17505.0,7,24.0
25441,17510.0,4,12.0
25449,17515.0,4,16.0
25457,17520.0,1,1.0
25467,17525.0,6,20.0
25475,17530.0,5,17.0
25481,17535.0,5,8.0
25487,17540.0,2,7.0
25495,17545.0,2,4.0
25505,17550.0,8,31.0
25511,17555.0,9,30.0
25517,17560.0,6,14.0
25525,17565.0,3,10.0
25533,17570.0,3,4.0
25543,17575.0,8,33.0
25549,17580.0,8,32.0
25555,17585.0,6,16.0
25563,17590.0,3,13.0
25571,17595.0,2,3.0
25581,17600.0,8,30.0
25587,17605.0,9,30.0
25594,17610.0,5,13.0
25601,17615.0,4,14.0
25609,17620.0,2,2.0
25619,17625.0,7,26.0
25627,17630.0,7,23.0
25631,17635.0,6,15.0
25639,17640.0,3,17.0
25647,17645.0,3,6.0
25657,17650.0,8,35.0
25665,17655.0,9,30.0
25670,17660.0,4,11.0
25677,17665.0,4,18.0
25685,17670.0,3,4.0
25695,17675.0,6,24.0
25701,17680.0,7,19.0
25709,17685.0,4,7.0
25715,17690.0,1,5.0
25723,17695.0,1,1.0
25733,17700.0,7,22.0
25739,17705.0,8,23.0
25745,17710.0,3,5.0
25753,17715.0,4,10.0
25761,17720.0,3,3.0
25771,17725.0,7,24.0
25778,17730.0,8,27.0
25784,17735.0,4,11.0
25791,17740.0,3,11.0
25799,17745.0,2,3.0
25809,17750.0,6,27.0
25815,17755.0,8,26.0
25821,17760.0,6,11.0
25829,17765.0,5,16.0
25837,17770.0,2,2.0
25847,17775.0,7,22.0
25854,17780.0,7,24.0
25859,17785.0,6,14.0
25867,17790.0,5,17.0
25875,17795.0,1,1.0
25885,17800.0,6,21.0
25892,17805.0,7,19.0
25897,17810.0,4,10.0
25905,17815.0,3,16.0
25913,17820.0,1,2.0
25923,17825.0,7,24.0
25929,17830.0,8,25.0
25937,17835.0,6,15.0
25944,17840.0,5,8.0
25952,17845.0,8,31.0
25962,17850.0,7,23.0
25968,17855.0,6,16.0
25976,17860.0,5,19.0
25984,17865.0,3,7.0
25994,17870.0,7,26.0
26001,17875.0,8,28.0
26006,17880.0,4,11.0
26014,17885.0,4,16.0
26022,17890.0,2,2.0
26032,17895.0,7,27.0
26039,17900.0,8,25.0
26044,17905.0,6,14.0
26052,17910.0,3,16.0
26061,17915.0,0,0.0
26071,17920.0,6,19.0
26077,17925.0,6,20.0
26083,17930.0,5,12.0
26089,17935.0,3,8.0
26097,17940.0,9,45.0
26107,17945.0,11,45.0
26113,17950.0,7,21.0
26122,17955.0,8,22.0
26131,17960.0,6,10.0
26141,17965.0,7,27.0
26147,17970.0,7,27.0
26153,17975.0,7,15.0
26161,17980.0,5,16.0
26169,17985.0,3,5.0
26179,17990.0,8,33.0
26185,17995.0,8,32.0
26193,18000.0,6,14.0
26199,18005.0,4,14.0
26207,18010.0,0,0.0
26217,18015.0,5,18.0
26224,18020.0,7,18.0
26231,18025.0,2,8.0
26236,18030.0,3,5.0
26244,18035.0,8,32.0
26254,18040.0,8,32.0
26261,18045.0,5,19.0
26269,18050.0,7,29.0
26277,18055.0,3,4.0
26287,18060.0,7,27.0
26293,18065.0,6,19.0
26299,18070.0,3,6.0
26306,18075.0,3,9.0
26314,18080.0,3,3.0
26324,18085.0,7,27.0
26330,18090.0,8,28.0
26336,18095.0,4,11.0
26344,18100.0,2,11.0
26352,18105.0,3,5.0
26362,18110.0,8,30.0
26368,18115.0,7,30.0
26374,18120.0,5,14.0
26382,18125.0,3,14.0
26390,18130.0,3,6.0
26400,18135.0,9,39.0
26406,18140.0,9,36.0
26413,18145.0,5,15.0
26420,18150.0,2,14.0
26428,18155.0,2,3.0
26438,18160.0,6,25.0
26444,18165.0,9,25.0
26450,18170.0,6,15.0
26458,18175.0,2,16.0
26466,18180.0,1,1.0
26476,18185.0,7,23.0
26482,18190.0,7,23.0
26488,18195.0,5,9.0
26496,18200.0,3,9.0
26504,18205.0,2,3.0
26514,18210.0,8,33.0
26520,18215.0,8,36.0
26526,18220.0,6,16.0
26534,18225.0,4,10.0
26542,18230.0,2,3.0
26552,18235.0,9,32.0
26558,18240.0,8,35.0
26566,18245.0,7,14.0
26572,18250.0,4,12.0
26580,18255.0,2,3.0
26590,18260.0,8,29.0
26597,18265.0,8,28.0
26602,18270.0,6,15.0
26610,18275.0,3,15.0
26618,18280.0,3,5.0
26628,18285.0,8,33.0
26634,18290.0,7,29.0
26640,18295.0,5,15.0
26648,18300.0,3,14.0
26656,18305.0,4,6.0
26666,18310.0,8,32.0
26672,18315.0,10,32.0
26678,18320.0,6,15.0
26686,18325.0,5,21.0
26694,18330.0,3,4.0
26704,18335.0,8,30.0
26710,18340.0,8,26.0
26716,18345.0,6,12.0
26724,18350.0,3,7.0
26732,18355.0,2,4.0
26742,18360.0,8,34.0
26748,18365.0,8,31.0
26754,18370.0,7,19.0
26762,18375.0,5,15.0
26770,18380.0,3,5.0
26780,18385.0,7,28.0
26786,18390.0,8,29.0
26792,18395.0,5,12.0
26800,18400.0,5,14.0
26808,18405.0,4,5.0
26818,18410.0,9,30.0
26824,18415.0,9,34.0
26832,18420.0,6,15.0
26838,18425.0,5,16.0
26846,18430.0,4,5.0
26856,18435.0,7,27.0
26864,18440.0,7,25.0
26869,18445.0,3,9.0
26876,18450.0,2,13.0
26884,18455.0,2,4.0
26894,18460.0,7,29.0
26900,18465.0,7,23.0
26906,18470.0,5,13.0
26914,18475.0,2,17.0
26922,18480.0,1,3.0
26932,18485.0,8,32.0
26938,18490.0,8,31.0
26944,18495.0,5,11.0
26952,18500.0,2,7.0
26961,18505.0,2,3.0
26971,18510.0,6,22.0
26977,18515.0,7,20.0
26983,18520.0,4,10.0
26989,18525.0,3,9.0
26997,18530.0,1,2.0
27007,18535.0,7,29.0
27013,18540.0,9,32.0
27019,18545.0,6,13.0
27027,18550.0,3,11.0
27035,18555.0,2,5.0
27045,18560.0,8,34.0
27051,18565.0,8,34.0
27057,18570.0,5,14.0
27065,18575.0,3,14.0
27073,18580.0,2,2.0
27083,18585.0,8,27.0
27089,18590.0,7,30.0
27095,18595.0,4,12.0
27103,18600.0,3,15.0
27112,18605.0,2,2.0
27122,18610.0,6,19.0
27128,18615.0,7,24.0
27133,18620.0,4,9.0
27140,18625.0,4,15.0
27148,18630.0,1,2.0
27158,18635.0,8,26.0
27164,18640.0,7,24.0
27172,18645.0,4,7.0
27178,18650.0,2,7.0
27186,18655.0,2,4.0
27196,18660.0,7,30.0
27202,18665.0,7,25.0
27208,18670.0,5,8.0
27216,18675.0,4,10.0
27224,18680.0,4,5.0
27234,18685.0,6,25.0
27240,18690.0,8,23.0
27246,18695.0,6,17.0
27254,18700.0,4,15.0
27262,18705.0,2,4.0
27272,18710.0,8,28.0
27278,18715.0,7,27.0
27284,18720.0,5,14.0
27292,18725.0,4,14.0
27301,18730.0,1,2.0
27311,18735.0,6,26.0
27317,18740.0,7,20.0
27323,18745.0,4,11.0
27329,18750.0,3,14.0
27337,18755.0,2,2.0
27347,18760.0,6,21.0
27353,18765.0,13,73.0
27359,18770.0,13,74.0
27367,18775.0,12,50.0
27375,18780.0,13,55.0
27385,18785.0,6,24.0
27395,18790.0,7,27.0
27402,18795.0,8,28.0
27407,18800.0,7,19.0
27415,18805.0,4,18.0
27423,18810.0,2,2.0
27433,18815.0,6,22.0
27439,18820.0,8,25.0
27445,18825.0,5,11.0
27453,18830.0,3,8.0
27461,18835.0,2,4.0
27471,18840.0,8,28.0
27477,18845.0,6,23.0
27483,18850.0,4,7.0
27491,18855.0,5,13.0
27499,18860.0,3,3.0
27509,18865.0,8,27.0
27515,18870.0,8,29.0
27523,18875.0,6,12.0
27529,18880.0,5,14.0
27537,18885.0,2,3.0
27547,18890.0,7,28.0
27553,18895.0,7,25.0
27559,18900.0,5,10.0
27567,18905.0,5,16.0
27575,18910.0,1,3.0
27585,18915.0,8,30.0
27593,18920.0,8,28.0
27599,18925.0,5,17.0
27605,18930.0,3,16.0
27614,18935.0,4,8.0
27623,18940.0,8,36.0
27631,18945.0,9,31.0
27635,18950.0,8,20.0
27644,18955.0,3,18.0
27652,18960.0,2,4.0
27662,18965.0,6,27.0
27668,18970.0,6,23.0
27674,18975.0,5,8.0
27682,18980.0,3,8.0
27690,18985.0,2,3.0
27700,18990.0,7,25.0
27706,18995.0,7,21.0
27712,19000.0,5,9.0
27720,19005.0,4,10.0
27728,19010.0,5,10.0
27738,19015.0,8,39.0
27744,19020.0,9,39.0
27750,19025.0,7,18.0
27758,19030.0,6,21.0
27766,19035.0,5,10.0
27776,19040.0,7,30.0
27782,19045.0,8,26.0
27788,19050.0,3,10.0
27796,19055.0,5,17.0
27804,19060.0,4,7.0
27814,19065.0,8,35.0
27820,19070.0,8,31.0
27826,19075.0,6,16.0
27834,19080.0,4,16.0
27842,19085.0,5,6.0
27852,19090.0,7,27.0
27858,19095.0,8,25.0
27864,19100.0,6,14.0
27872,19105.0,4,19.0
27880,19110.0,2,2.0
27890,19115.0,8,29.0
27896,19120.0,8,28.0
27902,19125.0,6,13.0
27910,19130.0,5,12.0
27918,19135.0,2,3.0
27928,19140.0,7,27.0
27934,19145.0,7,23.0
27940,19150.0,4,7.0
27948,19155.0,1,7.0
27956,19160.0,4,5.0
27966,19165.0,9,36.0
27972,19170.0,8,34.0
27979,19175.0,7,20.0
27986,19180.0,4,15.0
27994,19185.0,2,2.0
28004,19190.0,8,30.0
28010,19195.0,8,28.0
28016,19200.0,6,17.0
28024,19205.0,4,15.0
28032,19210.0,3,5.0
28042,19215.0,7,30.0
28048,19220.0,7,26.0
28054,19225.0,5,12.0
28062,19230.0,2,13.0
28070,19235.0,2,4.0
28080,19240.0,7,28.0
28088,19245.0,10,33.0
28092,19250.0,7,26.0
28100,19255.0,4,19.0
28108,19260.0,4,5.0
28118,19265.0,8,33.0
28126,19270.0,8,32.0
28132,19275.0,4,10.0
28138,19280.0,5,11.0
28146,19285.0,2,3.0
28156,19290.0,8,30.0
28162,19295.0,14,86.0
28168,19300.0,14,85.0
28176,19305.0,11,57.0
28184,19310.0,9,35.0
28194,19315.0,7,17.0
28204,19320.0,8,29.0
28210,19325.0,10,35.0
28216,19330.0,5,13.0
28224,19335.0,4,9.0
28232,19340.0,2,4.0
28242,19345.0,8,28.0
28249,19350.0,9,31.0
28255,19355.0,6,15.0
28262,19360.0,6,17.0
28270,19365.0,1,2.0
28280,19370.0,8,29.0
28286,19375.0,9,32.0
28294,19380.0,5,16.0
28300,19385.0,4,14.0
28309,19390.0,2,2.0
28319,19395.0,5,16.0
28325,19400.0,7,19.0
28331,19405.0,5,12.0
28337,19410.0,3,14.0
28345,19415.0,3,2.0
28355,19420.0,7,25.0
28361,19425.0,8,25.0
28367,19430.0,4,14.0
28375,19435.0,3,17.0
28383,19440.0,3,3.0
28393,19445.0,8,26.0
28399,19450.0,10,32.0
28405,19455.0,5,15.0
28413,19460.0,4,23.0
28421,19465.0,1,1.0
28431,19470.0,7,23.0
28437,19475.0,8,24.0
28445,19480.0,4,6.0
28451,19485.0,4,12.0
28459,19490.0,2,3.0
28469,19495.0,8,26.0
28475,19500.0,7,30.0
28481,19505.0,6,13.0
28489,19510.0,5,12.0
28497,19515.0,2,2.0
28507,19520.0,8,26.0
28513,19525.0,9,31.0
28519,19530.0,7,22.0
28527,19535.0,6,20.0
28535,19540.0,3,5.0
28545,19545.0,7,26.0
28553,19550.0,8,28.0
28557,19555.0,4,12.0
28565,19560.0,4,14.0
28573,19565.0,2,2.0
28583,19570.0,7,27.0
28589,19575.0,9,27.0
28597,19580.0,8,18.0
28603,19585.0,6,26.0
28611,19590.0,3,3.0
28621,19595.0,7,26.0
28627,19600.0,8,27.0
28633,19605.0,6,11.0
28641,19610.0,4,11.0
28649,19615.0,3,6.0
28659,19620.0,7,32.0
28665,19625.0,8,30.0
28671,19630.0,6,18.0
28679,19635.0,3,13.0
28687,19640.0,2,4.0
28697,19645.0,8,31.0
28703,19650.0,7,26.0
28708,19655.0,3,6.0
28716,19660.0,2,11.0
28724,19665.0,2,2.0
28734,19670.0,5,20.0
28742,19675.0,5,16.0
28746,19680.0,4,8.0
28754,19685.0,5,13.0
28762,19690.0,2,6.0
28772,19695.0,9,37.0
28779,19700.0,8,38.0
28784,19705.0,6,15.0
28792,19710.0,7,21.0
28800,19715.0,5,9.0
28810,19720.0,7,26.0
28816,19725.0,7,25.0
28822,19730.0,5,12.0
28830,19735.0,4,19.0
28838,19740.0,2,3.0
28848,19745.0,7,32.0
28854,19750.0,8,29.0
28860,19755.0,6,15.0
28868,19760.0,5,21.0
28876,19765.0,2,3.0
28886,19770.0,7,26.0
28894,19775.0,7,23.0
28898,19780.0,4,6.0
28906,19785.0,4,12.0
28914,19790.0,1,1.0
28924,19795.0,7,23.0
28930,19800.0,7,26.0
28937,19805.0,4,12.0
28944,19810.0,3,11.0
28952,19815.0,2,3.0
28962,19820.0,8,31.0
28968,19825.0,7,29.0
28975,19830.0,6,15.0
28982,19835.0,4,16.0
28990,19840.0,2,2.0
29000,19845.0,7,25.0
29006,19850.0,9,28.0
29014,19855.0,7,16.0
29020,19860.0,5,21.0
29028,19865.0,3,3.0
29038,19870.0,7,27.0
29044,19875.0,8,25.0
29052,19880.0,3,10.0
29058,19885.0,2,15.0
29066,19890.0,3,4.0
29076,19895.0,7,25.0
29083,19900.0,8,32.0
29088,19905.0,4,7.0
29096,19910.0,2,6.0
29104,19915.0,2,3.0
29114,19920.0,7,28.0
29120,19925.0,6,22.0
29126,19930.0,5,7.0
29134,19935.0,5,14.0
29142,19940.0,1,3.0
29152,19945.0,7,28.0
29158,19950.0,6,27.0
29164,19955.0,4,8.0
29172,19960.0,1,6.0
29180,19965.0,3,4.0
29190,19970.0,8,30.0
29196,19975.0,8,28.0
29202,19980.0,6,12.0
29210,19985.0,5,14.0
29218,19990.0,3,3.0
29228,19995.0,7,26.0
29236,20000.0,9,30.0
29234,20005.0,5,15.0
